"","w1","m1_rate_11","m1_rate_12","m1_rate_21","m1_rate_22","m1_r1","m1_r2","w2","m2_rate_11","m2_rate_12","m2_rate_21","m2_rate_22","m2_r1","m2_r2","w2b","m2b_rate_11","m2b_rate_12","m2b_rate_21","m2b_rate_22","m2b_r1","m2b_r2","w2c","m2c_rate_11","m2c_rate_12","m2c_rate_21","m2c_rate_22","m2c_r1","m2c_r2","w3","m3_rate_11","m3_rate_12","m3_rate_21","m3_rate_22","m3_r1","m3_r2","w3b","m3b_rate_11","m3b_rate_12","m3b_rate_21","m3b_rate_22","m3b_r1","m3b_r2","w3c","m3c_rate_11","m3c_rate_12","m3c_rate_21","m3c_rate_22","m3c_r1","m3c_r2","w4","m4_rate_11","m4_rate_12","m4_rate_21","m4_rate_22","m4_r1","m4_r2"
"1",4.25671056032245e-15,0.00563984463688331,NA,0.00166865286489521,NA,0.753095841355684,NA,0.567711595272076,0.0226041220263934,0.000581611274483382,0.00595099218858562,0.000171922962039357,0.859305122276717,NA,1.34176273744478e-11,0.0120959267555029,0.00101870990841661,0.0017134572809612,NA,0.725077613138948,NA,3.00052228757844e-10,0.00565844496214697,NA,0.003368285179755,0.000313462130719407,0.771880207103693,NA,2.33249360646117e-06,0.0065784729035076,NA,0.00185795116169614,NA,0.499603530899759,0.989700937152524,1.40819720553223e-06,0.00884635617649373,0.00515842136147685,0.00167240160467039,NA,0.52099390090684,0.987594911023646,2.52706903376122e-06,0.0056346197120208,NA,0.00262893560773067,0.00132706884657244,0.54040733476366,0.986180890683199,0.432282136654604,0.0177574777476726,0.000639754252837851,0.00467873940567532,0.00018478286152862,0.776674118627124,0.896444403489834
"2",4.46117497771701e-15,0.00563985651832602,NA,0.00166864889324975,NA,0.753093365845928,NA,0.625411264092178,0.0229004296281895,0.000585415593584688,0.00645793115304232,0.000171922962039357,0.866730264064739,NA,1.58075727224629e-11,0.0124710807713306,0.00105463443792567,0.00170188763138975,NA,0.734024030182194,NA,1.21189192843615e-10,0.00573015367877521,NA,0.00370503247712281,0.000325895323753788,0.775877064629746,NA,5.25095738490077e-06,0.0063661711531394,NA,0.00183311879617501,NA,0.501645935917412,0.989519579563174,2.9364878253643e-06,0.00840760333050555,0.00511606507550429,0.00166932242670441,NA,0.529962175923561,0.987542614822117,4.07892970456102e-06,0.00563353134895244,NA,0.00250373883150904,0.00139762944938619,0.535483582662135,0.986871971383647,0.374576469395906,0.018768851668027,0.000642530148847346,0.00529398845314663,0.000186064049824259,0.805026769860865,0.89725058669229
"3",2.003643340837e-14,0.00563986928373903,NA,0.00166865290787882,NA,0.753093938148536,NA,0.690058241624335,0.0273512338514864,0.000594923885293283,0.00813481218603864,0.00017296582213806,0.87791114266453,NA,2.22506591537951e-11,0.0147413349729657,0.00115868956429658,0.00172216993909404,NA,0.748905109640294,NA,1.11872367505594e-10,0.00591379446611703,NA,0.00468663576052699,0.000369107932737299,0.798538277060557,NA,3.61589351161523e-05,0.00619902022985776,NA,0.00182198891941023,NA,0.459325293513708,0.989347597239083,1.81627814441873e-05,0.00812916116964107,0.00516901820920067,0.00167538493874916,NA,0.494930057683808,0.987682692256801,2.07978588335662e-05,0.00565512664491464,NA,0.00240639585883809,0.00149475359815062,0.490984321884254,0.987579458391595,0.309866638666128,0.0240972256377938,0.0006508889104732,0.00716396984809224,0.00018924603217923,0.844763087155327,0.898795454809632
"4",1.00998347258329e-14,0.00563986917380362,NA,0.00166865287532953,NA,0.75309393882072,NA,0.661297420815758,0.0238317899262364,0.000588627455259784,0.00705474776781048,0.000171922962039357,0.87222346829479,NA,2.44462975997882e-11,0.0129704561075431,0.00110330165136591,0.00170794389832781,NA,0.741880703186952,NA,9.25603873241098e-11,0.00583960279912231,NA,0.00405959641600442,0.000343439525962296,0.782499953444718,NA,1.39672546133333e-05,0.00625580467288133,NA,0.00183242768989889,NA,0.49903692170691,0.989415543776351,7.72310387981001e-06,0.00801241469799436,0.00511376816524736,0.00166208777582647,NA,0.523240843165932,0.987540076305883,8.99856885062075e-06,0.00564496800481934,NA,0.00244372233661496,0.00145953943981698,0.52647164055638,0.987342572878609,0.338671890139882,0.020205797527406,0.000648307336335465,0.0059811088035188,0.000188279482792813,0.825256144781281,0.898339458313049
"5",1.47994406927188e-14,0.00563986513123492,NA,0.00166864615976553,NA,0.753094857071359,NA,0.703421170875883,0.0280733524363346,0.000619550270675546,0.0082747667478671,0.000179685533625749,0.886054750532127,NA,1.2408400243927e-11,0.0142579424445523,0.00126400014308397,0.00172734588830495,NA,0.752819076618024,NA,4.77015894992735e-11,0.00593786571448497,NA,0.00449019924801342,0.000386300471293131,0.791204162474269,NA,5.12677247171398e-05,0.00622064526355102,NA,0.00181834648123489,NA,0.500367378644259,0.989435147816082,2.6891751274477e-05,0.00794658222035627,0.00523880598861431,0.00167424396238833,NA,0.524191226017645,0.987880816358971,3.13171644273487e-05,0.00563694374640418,NA,0.00238422307135727,0.0014851219098867,0.523233645410763,0.987594747286666,0.296469352423573,0.0249444518591535,0.000674127008530668,0.00735272594898124,0.000195531599629758,0.859703923909421,0.902878723027753
"6",2.68185941102044e-15,0.00563987040192143,NA,0.00166865317319944,NA,0.753093889426939,NA,0.52141538132711,0.021494999422583,0.000581081319075144,0.00544340028693291,0.000171922962039357,0.85463881348228,NA,9.24754189942033e-12,0.0112666919088431,0.000990671318579919,0.00172212059315481,NA,0.714952627704969,NA,3.18219642862427e-10,0.00562805902474133,NA,0.00301256922885635,0.000300625542013404,0.760464066500715,NA,9.56510828421647e-07,0.00678684542372337,NA,0.00189534960616208,NA,0.531962633608809,0.98997551853694,7.04130815665712e-07,0.00918938576513395,0.00509579364972792,0.00166587799501777,NA,0.53959197499793,0.987483014716927,1.48156570879438e-06,0.00562594251346426,NA,0.00264332734461834,0.00128090921217814,0.561008252113737,0.985669173996166,0.478581476138068,0.0163919119415376,0.000638139472467081,0.00415614054809327,0.000183990384919599,0.756650462044182,0.896109940413461
"7",2.52726280245321e-15,0.00563970044815836,NA,0.0016686029549277,NA,0.753091310052747,NA,0.54724650355057,0.0211367476358215,0.000581081319075144,0.00559965549760663,0.000171922962039357,0.857339205590605,NA,1.19982306517649e-11,0.0112793707244671,0.000999546009948894,0.00170803982585134,NA,0.720631606306726,NA,2.08337577285355e-10,0.00564421774772175,NA,0.00314600181427336,0.0003044026350599,0.762724345187117,NA,1.38030705994432e-06,0.00661722616767055,NA,0.00187302522584604,NA,0.527593140798167,0.989786211629347,9.31346376783841e-07,0.00884601803444415,0.00505677521727436,0.00165786913487124,NA,0.534104197649876,0.987394739226308,1.65311048178432e-06,0.00563246686651959,NA,0.00260291405251973,0.0013190315591597,0.556552289425441,0.98611209621219,0.452749531465173,0.0163884045600341,0.000638077873546278,0.00434513634536336,0.00018427933040431,0.768253393024356,0.896268655602054
"8",1.96071653285467e-15,0.0056398731164326,NA,0.0016686540418244,NA,0.753094595501381,NA,0.554809747489615,0.0212510411327427,0.000581081319075144,0.00559692225446988,0.000171922962039357,0.858598817982022,NA,7.91647096172689e-12,0.011178749235217,0.00100329747988894,0.00171773578928573,NA,0.716646635780193,NA,1.45102021127715e-10,0.00567019212295168,NA,0.00307999687221465,0.000304720024283434,0.758087601159134,NA,1.12733666018499e-06,0.00669738394954824,NA,0.00188992784102006,NA,0.544996939616477,0.989898901738876,8.56699798268055e-07,0.00894896069801792,0.00506738702211483,0.00167058105308492,NA,0.550289703238424,0.987436189196381,1.56157869078876e-06,0.00558802415361587,NA,0.00264439492101567,0.00130172058948904,0.548115538526244,0.985964956792653,0.445186706742215,0.0165013240572004,0.000640761345347468,0.00434918682864213,0.000185029846799904,0.771883154274609,0.896817478511718
"9",8.06822508372587e-13,0.00563986925048587,NA,0.00166865289801596,NA,0.75309394716577,NA,0.207797546060332,0.0345350213837929,0.000914282064489505,0.00917828738490505,0.000273028523029449,0.910815747647003,NA,7.49407716094405e-11,0.0112890798246311,0.00194059158035784,0.00171230163882138,NA,0.751716296121629,NA,9.23290932490898e-10,0.00571669956809722,NA,0.00327396441089828,0.000572127100955612,0.785484637328691,NA,1.5089968113597e-07,0.0144301375381718,NA,0.00428278104351404,NA,-0.153495356848982,0.995508253847001,0.00123655170525304,0.00876774944470942,0.00538197862921034,0.00167472562762383,NA,0.513007795619009,0.988351518682747,0.00158347720315129,0.00565433763918746,NA,0.00257601718963914,0.00151913736487726,0.513619611655843,0.987972105346437,0.789382273132544,0.0160225024625388,0.00138530189830553,0.0042358839596437,0.000409414082790703,0.747479175966144,0.954153961281755
"10",9.00219957355131e-15,0.0056398706404342,NA,0.00166865295488859,NA,0.753094024145073,NA,0.641840397274679,0.025575987541954,0.000604052591199002,0.00699677835502898,0.000175418834898159,0.87649935343201,NA,6.13848497624976e-12,0.0117938156601877,0.00123995326162012,0.00174924459151595,NA,0.727607166906156,NA,7.46369487216339e-11,0.00584202169989175,NA,0.00332382916148331,0.00037731780978904,0.766725714554228,NA,9.24429314012086e-06,0.00671386575033691,NA,0.00191487383242693,NA,0.559096762225638,0.990057690034418,7.7383410449844e-06,0.00894494120016692,0.00511474504309491,0.00166905851806307,NA,0.556702222456645,0.987642034073952,1.23103689587436e-05,0.00560992488590268,NA,0.00259694382255414,0.00135787719117612,0.561069653418022,0.986594959322463,0.358130309641393,0.0202870876290714,0.0007084005558088,0.00553271376670416,0.000205731445952625,0.819356494169063,0.907574949705626
"11",2.94264345304196e-14,0.00563986422603229,NA,0.00166865433732445,NA,0.753095594521926,NA,0.712293304869551,0.029186178380551,0.000614407745217003,0.00890924501079333,0.00017877964173771,0.886018993961272,NA,2.11753519865315e-11,0.0154241333972258,0.0012302901313812,0.00172991193072008,NA,0.756222827164677,NA,6.56106465367156e-11,0.00601010179912164,NA,0.00507863095382943,0.000389182944162546,0.802989596535714,NA,8.39236065073994e-05,0.00611168694765818,NA,0.0018153311919212,NA,0.464996992778432,0.98931077746756,4.19631810414888e-05,0.0079270123757711,0.00516134993279193,0.00167520987358165,NA,0.501285412678208,0.987728890388561,4.3656361198029e-05,0.00566225527116287,NA,0.00232317559103584,0.0015443623083557,0.490058015833903,0.987895364180795,0.287537151894887,0.0266868957683783,0.000655690253723879,0.00814691105185104,0.000190823923749852,0.865308878989008,0.899862256831103
"12",7.60128918688838e-15,0.0056398915331535,NA,0.00166865949072601,NA,0.753097404618475,NA,0.626186182259065,0.0246800759507593,0.000585648507617282,0.00683878919054612,0.000171922962039357,0.866418283904245,NA,1.81785626071017e-11,0.0133742654266124,0.00106897009538198,0.00170818818095981,NA,0.737581448527618,NA,2.01495416096728e-10,0.00571501957617,NA,0.00389555210391011,0.000332231628954812,0.781754982372252,NA,6.97554562688856e-06,0.00639763110087776,NA,0.00183339705514648,NA,0.466174386855053,0.989501201965463,3.70196410055952e-06,0.00852590547763289,0.00521073258371313,0.00167763701700094,NA,0.498810777044435,0.987708379777466,5.44178012016408e-06,0.00564005554065435,NA,0.00257229695010888,0.00139249304193453,0.512329637129888,0.986809304719675,0.373797698231406,0.0202507089761138,0.000643206058859453,0.00561249677365571,0.000186241687245774,0.804559790253581,0.897130511745572
"13",4.20215195827313e-13,0.00563989959205235,NA,0.00166866187509368,NA,0.753098380799395,NA,0.59916598462439,0.0272103401670204,0.00069404666533195,0.00746738495184157,0.000202839120303062,0.887606839955396,NA,6.55587827832959e-11,0.0110490907126312,0.00159908435904759,0.00172279181852634,NA,0.74014453072618,NA,7.99485033996664e-10,0.00574666954608479,NA,0.00317006235757696,0.000472079842627244,0.774536180903277,NA,0.000185976718640233,0.00658062468579922,NA,0.00188139426029261,NA,0.54992619204113,0.98949880088845,0.000126400719916321,0.00853287982880226,0.00525693478880211,0.00167170738849529,NA,0.557583370718967,0.987397670961,0.000188053028849547,0.00562776122985258,NA,0.00251503269831778,0.00142119977781383,0.562001363388908,0.986571556457227,0.400333584042739,0.0185077505997497,0.000930808236245564,0.00502286669409378,0.000272180199575277,0.808707796492644,0.927041293546898
"14",3.52445346278842e-15,0.00563985431097059,NA,0.00166864847790534,NA,0.753093007538538,NA,0.553548746341009,0.0229733898519314,0.000581740863889326,0.00578195900867461,0.000171922962039357,0.858163019127686,NA,7.596862791671e-12,0.0120006279356792,0.00101466280785854,0.00173258520349125,NA,0.717788087314232,NA,3.2110304537667e-10,0.00566109358650485,NA,0.00317961045812486,0.000310061878257367,0.766250475735585,NA,1.43821015475562e-06,0.00678171747900968,NA,0.00188793460327338,NA,0.518738992739526,0.989914078431673,1.0099780363521e-06,0.00921474215340743,0.00515946551459043,0.00167399980282153,NA,0.529044092551893,0.987614485891578,2.18934339490151e-06,0.00563513417720909,NA,0.00268605689446307,0.00128527239445059,0.550539775222192,0.985722767481761,0.446446615798702,0.0178178079886696,0.000642182540793494,0.00448702847177978,0.000185178680256453,0.770276641374132,0.896800359469859
"15",2.86583705327331e-15,0.00563986676053653,NA,0.00166865149028782,NA,0.753093830104228,NA,0.606962943525741,0.0224039552730355,0.000584479134391916,0.00615073214628524,0.000171922962039357,0.864677247755641,NA,1.072720738816e-11,0.0120554862081619,0.00104096308189473,0.00170814044929432,NA,0.728733182954327,NA,1.14334238064844e-10,0.00570656923403836,NA,0.00347039251879794,0.000318927201226188,0.769524404556492,NA,2.99043947349439e-06,0.00646916690529742,NA,0.00185346895030913,NA,0.517985820471571,0.989658150067565,1.83648350777946e-06,0.00856148533181544,0.00514894317321263,0.00167620196766336,NA,0.5391200208921,0.987628031922408,2.84454047267652e-06,0.00563289982668748,NA,0.00254830204344223,0.00136358920597305,0.549583145796609,0.986584001658231,0.39302938488574,0.0180533850383473,0.000643243372097406,0.00495491117229303,0.000186006611885961,0.79601305092259,0.897369580938906
"16",1.86753030862788e-14,0.00563989556897724,NA,0.00166866068479788,NA,0.753097014356679,NA,0.504452633127701,0.0172410256287081,0.000585126093045225,0.00461020525621317,0.000171922962039357,0.845705949284426,NA,5.80528831430712e-11,0.00951189578106119,0.00101658138094809,0.00169887277982133,NA,0.710544547338369,NA,7.13972455554805e-10,0.00561266816130222,NA,0.00265518698387522,0.000302017054436279,0.743609107199425,NA,1.82592408688936e-06,0.00668833261706728,NA,0.00189400214642805,NA,0.589055733902686,0.989399351365545,1.49924683845511e-06,0.00853572573785956,0.00499366903452431,0.00166596614875636,NA,0.584343547821932,0.986659848679621,2.66243806871861e-06,0.00563157733713565,NA,0.00248953082892313,0.00129590635396885,0.595099529277387,0.985161658723743,0.495541378491261,0.0133741423520179,0.000670451671071038,0.00358069076417915,0.000193417676422134,0.74879137974961,0.896437565166293
"17",1.09077610153911e-14,0.00563986670037585,NA,0.00166865235567521,NA,0.753093615650063,NA,0.674390067091518,0.0248207878384626,0.000590164701089464,0.00736837910664531,0.000171922962039357,0.874477444802249,NA,2.20235003351529e-11,0.013525146255335,0.00112078388989352,0.0017087688540364,NA,0.74455809286486,NA,8.51166718062251e-11,0.00585210634023739,NA,0.00425597483508914,0.00035037461003177,0.786787011439475,NA,1.8806154813568e-05,0.00621562953179495,NA,0.00182296307199129,NA,0.48804221005714,0.989361215313296,9.81643247916238e-06,0.00849889811904387,0.00500952835793197,0.00165883295172033,NA,0.518573854235995,0.987334543068544,1.14062469597411e-05,0.0056404659840453,NA,0.00240995317506212,0.00147293768097471,0.51557764706397,0.98744479075644,0.325569903967078,0.0213961568203995,0.000648662686066985,0.00635058136588003,0.000188423020371779,0.833597464812119,0.898443536111231
"18",2.36351959299846e-15,0.00563986688304066,NA,0.00166865219758298,NA,0.753095055714687,NA,0.59123456883937,0.0213088461970197,0.000582775609739048,0.00591043093233199,0.000171922962039357,0.86251892976891,NA,1.28874863062606e-11,0.0115416862736758,0.00102202287210921,0.00169753058300377,NA,0.72706678054761,NA,1.05672189237625e-10,0.00568020999517954,NA,0.00335157783165453,0.000311384415933493,0.764410912301427,NA,2.32254574262639e-06,0.0064584361183687,NA,0.00185011635900061,NA,0.527390835705098,0.98962587701698,1.4566043615228e-06,0.00848769819816451,0.00509973009601432,0.00167429954916748,NA,0.545855039412209,0.987521860341844,2.16974111727871e-06,0.00562278721529182,NA,0.00253242071093913,0.00136196940198441,0.555832531983946,0.986561516351341,0.408759482150847,0.0170045865935758,0.0006398954420627,0.0047186113076352,0.000185072530923961,0.78860274314525,0.896801405748465
"19",3.61791311702729e-15,0.00563985788713226,NA,0.0016686504299864,NA,0.753094486206509,NA,0.570977288074605,0.0233393369393745,0.000583271290996395,0.00592049421079753,0.000171922962039357,0.86063448619055,NA,6.3773110476897e-12,0.0120765583025462,0.00103014769270456,0.00174022976070111,NA,0.717582067359753,NA,2.4482058657202e-10,0.00570145804061443,NA,0.00320787408914025,0.000315582938906846,0.765953308364894,NA,1.64392576221845e-06,0.00679887147253617,NA,0.00189624068883368,NA,0.527725638916806,0.989966575219018,1.21391571509306e-06,0.00914618428242085,0.0051432472667618,0.00164830318227118,NA,0.530246375012976,0.987541299003172,2.58960998435907e-06,0.00559689522805111,NA,0.00264648219698926,0.00128696856284107,0.552709890796936,0.985749025754528,0.429017264222732,0.0182307724787197,0.000646903719708152,0.00462679192931853,0.000186682802322221,0.77839821726489,0.897703569229071
"20",2.15161630842123e-14,0.00563973226570553,NA,0.00166861236870194,NA,0.753090805627398,NA,0.683844105132841,0.0279052185856653,0.00059166842069537,0.00814361366222306,0.000171922962039357,0.87612297967399,NA,2.09967273031816e-11,0.0150033361066646,0.0011507398637194,0.00172709322706723,NA,0.747356383550634,NA,1.58963344953089e-10,0.00589724647863056,NA,0.00467727369877658,0.00036864051930183,0.800440568978357,NA,3.22478665665609e-05,0.00625940169196272,NA,0.0018265079796244,NA,0.4450100044804,0.989390610364542,1.59732550288707e-05,0.00817709490492979,0.0052351061901645,0.00168553227305029,NA,0.484872721984989,0.987795073846965,1.96019175103939e-05,0.00566595112187963,NA,0.00243828362664035,0.00148067446378149,0.480975867583057,0.987475839939623,0.316088071648072,0.0243703711366692,0.000650558266553782,0.0071092457292536,0.000189032891387433,0.839783935232851,0.898620967557917
"21",4.12532188019794e-14,0.00563987203375976,NA,0.00166865372150051,NA,0.753094691047902,NA,0.696877981598084,0.0307927693835209,0.000657353508061274,0.00892803728639938,0.000191061167182215,0.8932577101452,NA,1.57069530840455e-11,0.0134552210319567,0.00146821240838944,0.00172807863334964,NA,0.755188024840557,NA,8.40653555498648e-11,0.00590783826587699,NA,0.00419532160477469,0.000442570048597826,0.793306029316005,NA,0.000136455695028773,0.00626995055889258,NA,0.00182584352965889,NA,0.499586443772465,0.989559760213883,7.43486231098166e-05,0.0081749612063113,0.0052535166698492,0.0016699742231736,NA,0.521589588467919,0.987936171593347,9.11341728650283e-05,0.00559949470136215,NA,0.00241709799120702,0.00147347341719324,0.52375591206464,0.987545542671244,0.302820079811099,0.025966609478989,0.000741794978708473,0.00752034262726088,0.000215705829544417,0.861413022219355,0.912231775318993
"22",5.99557730743716e-15,0.00563986741846383,NA,0.00166865313864589,NA,0.753094988776323,NA,0.651524964422286,0.0231111973556404,0.000587644770597459,0.00676321596784257,0.000171922962039357,0.870651009630964,NA,1.97391206625817e-11,0.0126452372985906,0.00108219555623034,0.00169995989560364,NA,0.739203802867836,NA,7.95561086712611e-11,0.00578742265683586,NA,0.00389424798949357,0.000333850994206649,0.776996012978414,NA,9.12748725742514e-06,0.00626870183285085,NA,0.00182784816238254,NA,0.506393990057572,0.989422751509166,5.01382772162948e-06,0.00791030460974666,0.00499854953879971,0.00162919692269916,NA,0.526448553845918,0.987299715236935,6.12095192568504e-06,0.00564512060088785,NA,0.00243546919844644,0.00144471753258284,0.534731382712156,0.987294683501503,0.348454773211508,0.0193986541380871,0.000645326626138781,0.0056772632992095,0.000187180722492709,0.819476842635408,0.897861269541202
"23",2.24313347485082e-15,0.00563987711307261,NA,0.00166865681853067,NA,0.753094611093006,NA,0.500182052451776,0.0209398313070321,0.000581081319075144,0.00524133432316967,0.000171922962039357,0.852636165972176,NA,7.98057951812872e-12,0.0108457725982303,0.000977905284559727,0.00172630380424725,NA,0.709325385917679,NA,3.07793426351854e-10,0.00562635266094531,NA,0.00286437870402988,0.000295285858934165,0.754483508461141,NA,6.45083505812581e-07,0.00687487285665599,NA,0.00191563818495623,NA,0.546394322378372,0.990049978569645,5.3683376180146e-07,0.00929949426322478,0.0050628642524339,0.00167146000841335,NA,0.546032790924872,0.987401753948567,1.18832674316881e-06,0.0056391782816694,NA,0.00267395753544976,0.00126774365596032,0.566809501644112,0.985502940272943,0.499815576988437,0.0157767882361098,0.000637760266685437,0.00395479443112594,0.000183790298790213,0.747850282248869,0.896024148411258
"24",3.05872066282896e-15,0.0056399193764913,NA,0.00166866454874343,NA,0.753095642431665,NA,0.592650897112357,0.0212245306853036,0.000582625931128258,0.00595413961805441,0.000171922962039357,0.862546621106617,NA,1.6612660568032e-11,0.0115344244142993,0.00102466864000196,0.0016966239325895,NA,0.728634462422856,NA,1.1739985423454e-10,0.00569573433955727,NA,0.00339406771876126,0.000313087199287031,0.766211174037782,NA,2.78921915155415e-06,0.00644457193373972,NA,0.00185293880679865,NA,0.52572827293318,0.98962683369795,1.72104100859646e-06,0.00855448309732602,0.00506459938839216,0.00167793885061974,NA,0.547690792529084,0.987464853313507,2.45705284388573e-06,0.00563166383349409,NA,0.0025218958603256,0.00137717161782589,0.551350047735932,0.986697991242029,0.407342135440624,0.0169597126848194,0.000640181008861157,0.00475969719311206,0.000185276594420845,0.789100856907586,0.896814839581474
"25",7.0031558760309e-12,0.00563987824622642,NA,0.00166865705137706,NA,0.753095200243854,NA,0.183904015253154,0.0371869039254477,0.00114755195251687,0.0113720463813928,0.000341250549301046,0.92663641531352,NA,3.75452760902431e-10,0.0125902144087858,0.00229463395171088,0.00170334158056686,NA,0.776357162670437,NA,7.44243387156802e-10,0.0058556053730035,NA,0.00407289718813064,0.000708661625064533,0.805040467063923,NA,0.0711230823487715,0.00612208216978483,NA,0.00183032114824485,NA,0.449705639015688,0.989767859876936,0.0343480917669661,0.0076627409762041,0.00547679205453536,0.00169128739498177,NA,0.482933679137893,0.988722743702513,0.0342202498780243,0.00564132828166597,NA,0.00227497900667804,0.00162721940898981,0.465950435885713,0.988689942813089,0.676404559626385,0.0185481577268846,0.00164655617626068,0.005588594687491,0.000491307426017659,0.796507107922819,0.962218059969394
"26",5.13490284018419e-15,0.00563987059346005,NA,0.00166865329535774,NA,0.753094171828568,NA,0.645568493630184,0.0244596987731313,0.000588771193715606,0.00679854662404953,0.000171922962039357,0.870426245405172,NA,1.06991375222919e-11,0.01308378323425,0.00109337413169642,0.00171896901271511,NA,0.736201169641911,NA,1.10933311869971e-10,0.00577733527035757,NA,0.00383008481441062,0.000338451385687868,0.780436407221381,NA,7.15554248131943e-06,0.00640717498764815,NA,0.00183574427102722,NA,0.492863081547965,0.989627686793204,4.02312849366407e-06,0.00830540464182009,0.00512338113685774,0.00164275734551135,NA,0.515268500152755,0.987534244599445,5.93713214850403e-06,0.00563315035809309,NA,0.00253217455031685,0.00139563431665088,0.533920324800052,0.986872533220363,0.354414390445055,0.0203148935726637,0.000650670287618321,0.00564637694361089,0.000188340610131931,0.816444787833049,0.898701880226424
"27",6.31057054467727e-14,0.00563986533028393,NA,0.00166865262998649,NA,0.753093887013108,NA,0.718236558417493,0.0329709072898369,0.000656173077578109,0.00982822886953834,0.000190571819076566,0.895713515048385,NA,1.77241328120214e-11,0.0151427371793029,0.00145422641195452,0.00173805355948503,NA,0.762319584398233,NA,7.82763517567299e-11,0.00603121528477163,NA,0.00498723643017444,0.000444034819135594,0.807358019085924,NA,0.000252482681670105,0.00617842259179268,NA,0.00181713406203651,NA,0.470071199540155,0.989423236428608,0.000124981659290915,0.00800487896027311,0.00523259113618335,0.0016641950813001,NA,0.502602621373668,0.987879857283555,0.0001399999813479,0.00557392078072881,NA,0.00235756740464962,0.00150672663405367,0.49427899634684,0.987668395737768,0.281245977164134,0.0300881491994221,0.000701323318192533,0.00897000138413883,0.000203708217347237,0.878768258630596,0.906962576210235
"28",1.81362446547734e-15,0.00563986636439906,NA,0.00166865204411725,NA,0.753093880078415,NA,0.57461800311503,0.0210039748057561,0.000582006249352371,0.00571346295630583,0.000171922962039357,0.86084651807823,NA,9.49495725376441e-12,0.0112102432611304,0.00101192478989377,0.00170613564949588,NA,0.721587976617042,NA,1.00775802350725e-10,0.00567751645433837,NA,0.00318316127693515,0.000306963135299834,0.758972621796636,NA,1.49024674150643e-06,0.00656617726971437,NA,0.00187587320365112,NA,0.543268520745513,0.989780035774713,1.05176730630642e-06,0.00869146716843632,0.00505564447979784,0.00166893586483225,NA,0.555392069357793,0.9874277473094,1.70128110208614e-06,0.00561948857696398,NA,0.00257855588084636,0.00132603514009369,0.567456449456679,0.986236169237368,0.425377753479548,0.0165349192430958,0.000640698657585247,0.00449965021057892,0.000185177358639649,0.781056170261695,0.896927648317311
"29",2.52187182308735e-15,0.00563986729014874,NA,0.00166865311634993,NA,0.753093919212744,NA,0.578075702755473,0.0213495433416983,0.000581953706966477,0.00583135211648261,0.000171922962039357,0.860843279878101,NA,1.28525997917422e-11,0.0115179095105775,0.0010152123337431,0.00170098714607425,NA,0.725318456132418,NA,1.39355379032623e-10,0.00566767262587743,NA,0.00330199100248569,0.000309830172055538,0.765027268325497,NA,2.03844845940927e-06,0.00652263535780261,NA,0.00185776298463896,NA,0.52480494081825,0.989730126446066,1.2917387727673e-06,0.00859756517507958,0.00509184870688204,0.00166951774026162,NA,0.54205710381028,0.987487909263464,2.02666469223392e-06,0.00572684715350942,NA,0.00263559492716809,0.00138277738639323,0.557434862002711,0.986757494513816,0.421918940240392,0.0168873970155873,0.00063928918188813,0.00461465681047066,0.000184818462867514,0.782295864046684,0.896610319127245
"30",1.56197383412324e-15,0.00563981233507639,NA,0.00166867062403287,NA,0.753098847359237,NA,0.518864241664446,0.0197819152984258,0.000581081319075144,0.00525815306427399,0.000171922962039357,0.854664287268398,NA,1.05545689128485e-11,0.01046023545173,0.000977738788575946,0.00170582164435291,NA,0.714033903259698,NA,1.50503015801758e-10,0.00563683313878953,NA,0.00291209606882145,0.000294920637233166,0.751899033579418,NA,7.47842980594885e-07,0.00669474453986813,NA,0.00189709608254272,NA,0.555433241512567,0.989905909103125,5.95546148358128e-07,0.00889030156516706,0.00503069667375115,0.00167324581027309,NA,0.559700860531449,0.987362102072777,1.05426620902916e-06,0.0056276511613944,NA,0.00259211527476088,0.00130317874581672,0.572433350228781,0.985953895765513,0.481133360519157,0.0150800666763729,0.000636516413837443,0.00401205041067224,0.000183795147790819,0.756673661777232,0.896068989044624
"31",9.00107686208376e-14,0.00563990798668906,NA,0.00166866668585234,NA,0.753097604058529,NA,0.643266144054773,0.0240658995274449,0.000610720142330686,0.00662547830899088,0.000177166803765835,0.871115149987733,NA,4.82174038956657e-11,0.0128020139885896,0.00121084694956762,0.00172133322972838,NA,0.739948194425319,NA,6.12805282285589e-10,0.00576384455979707,NA,0.00371689195436906,0.0003705417430619,0.783108222433378,NA,3.81698243214394e-05,0.00638566211168386,NA,0.00182350867615318,NA,0.512990324795776,0.989186946925293,2.03333969233879e-05,0.00819447645772344,0.00525446805761662,0.00167086628442375,NA,0.532977175667296,0.987453266599625,3.04311439035876e-05,0.00562672479479194,NA,0.00247355176466969,0.00139696996345371,0.548073385697996,0.986467807162055,0.356644920918966,0.0200298316291027,0.00070270685332932,0.00551003177262822,0.00020381937932604,0.820480376432233,0.903387361997539
"32",1.21208372984794e-14,0.00563991196059708,NA,0.001668663378217,NA,0.753098889945016,NA,0.690091270787411,0.025627080133383,0.000594528963239163,0.0077005084592218,0.000172728162200198,0.878061840204028,NA,2.02736366167119e-11,0.0139376860646258,0.00114971631779462,0.00171140907944789,NA,0.748243321915994,NA,6.18117210137559e-11,0.00589064468544707,NA,0.00444583847265288,0.000358253121172061,0.788639957003927,NA,2.77893782872782e-05,0.00616595349196643,NA,0.00181651064160731,NA,0.48901138169021,0.989314024892388,1.44386471950425e-05,0.00791341462913443,0.00512387744315937,0.00166775542876763,NA,0.521306258496168,0.987576836017466,1.57743291647328e-05,0.00559366414114104,NA,0.00236944339405669,0.00148755631864139,0.524624591221112,0.987506860914963,0.309850726775844,0.0225773429150812,0.000650335128219563,0.00678416063134724,0.000188944535189062,0.845128687340079,0.898854978828055
"33",3.05128899945809e-15,0.00563972874625722,NA,0.00166861132740948,NA,0.753092638354648,NA,0.623749996061199,0.0229510366993546,0.000587774742465085,0.0063124005497769,0.000171922962039357,0.86832577057494,NA,7.40696467048991e-12,0.0119350804289635,0.00108292117862804,0.00172621600759615,NA,0.727603362476159,NA,7.26660446258073e-11,0.00577441351252197,NA,0.00341627064814927,0.000330050240961452,0.765965722515197,NA,3.44693631407253e-06,0.00657111422587022,NA,0.00187613462214665,NA,0.54410048218457,0.989813476275344,2.44209329143663e-06,0.0086794939090496,0.00509496944925738,0.00166828705803947,NA,0.552684526981965,0.987535722957299,3.80537395175187e-06,0.00562899967447306,NA,0.00256326288109355,0.00136349870215334,0.560872665011501,0.986609817741825,0.376240309455168,0.018546827246008,0.000657318539863644,0.00510065249217172,0.000190223329986014,0.805466816470433,0.899854939562901
"34",1.14330129717997e-15,0.00563988618730562,NA,0.00166857157875979,NA,0.753088428208006,NA,0.52616307447684,0.0195212988565728,0.000581081319075144,0.00523866952229031,0.000171922962039357,0.855755462126162,NA,7.7455149384051e-12,0.0102010299509738,0.000975833733382296,0.00170865681479507,NA,0.709107207211502,NA,8.97955193278656e-11,0.00566183617187102,NA,0.0028454863162649,0.000293442184048383,0.744597557185792,NA,6.0101600766306e-07,0.0067481557142639,NA,0.00191524615700382,NA,0.574624755042562,0.99000378791238,5.45196377963709e-07,0.00891071015547463,0.00496179221878306,0.00166780617611781,NA,0.569757353459415,0.987212768307964,9.43151501790035e-07,0.00563071367043666,NA,0.00257204385629612,0.00131177060037145,0.579370146195585,0.986093536667946,0.473834836061731,0.014911267515447,0.000638138380367089,0.0040045183130647,0.000184331848718181,0.760096427812581,0.89644446742031
"35",1.5670704416192e-14,0.00563988619235989,NA,0.00166866497244182,NA,0.753095106464491,NA,0.446949960212249,0.0190524838781716,0.000581081319075144,0.00485153413207701,0.000171922962039357,0.853021291089876,NA,2.97242651669169e-11,0.0100356576787121,0.00101368852619337,0.00171747651440187,NA,0.711348035911401,NA,7.32489903392546e-10,0.00561142932163589,NA,0.00269037665318484,0.000305263012555923,0.749772524308762,NA,2.26613772586091e-06,0.00676720487571074,NA,0.00190918865113061,NA,0.570883437566022,0.990375056248036,1.87204243669093e-06,0.00885841920393488,0.00504416009528018,0.00167014620566506,NA,0.567587835088905,0.987953802576321,3.42636284833757e-06,0.00561970007543244,NA,0.00254758909581384,0.00130458192868891,0.582062677843592,0.986380621937519,0.55304247448251,0.014224975035149,0.000663612172284295,0.00362842203767647,0.000193769095606611,0.744833727657592,0.905146020089568
"36",1.41187158769524e-15,0.00563989906004842,NA,0.00166866171769278,NA,0.753097387677302,NA,0.560185385612652,0.0204812027517195,0.000581440914456736,0.00552638344555379,0.000171922962039357,0.859764733963204,NA,6.50577143654999e-12,0.0106268044159786,0.00100318180198201,0.00171846442650742,NA,0.711878861954409,NA,7.33774549034635e-11,0.00570866790551581,NA,0.00297252129655617,0.000302955167218151,0.748398402574728,NA,9.04891240004849e-07,0.00674151967541704,NA,0.00191589877817852,NA,0.57351292476507,0.990020654128701,8.08604316746415e-07,0.00889109193012816,0.00497613840130872,0.00166548879872959,NA,0.569243843093356,0.98730559002228,1.37519265888467e-06,0.00562413316461145,NA,0.00258847790670722,0.00131832314732407,0.577227279939341,0.98613774178933,0.439811525619247,0.0159027725065721,0.000644012344618502,0.00429199145822389,0.000186131222939196,0.774845851734683,0.897525689761895
"37",4.10821352930822e-15,0.00563986924168145,NA,0.00166865289541305,NA,0.753093942172984,NA,0.610510268889277,0.0222904118998608,0.000584110324150793,0.00625352814465298,0.000171922962039357,0.864706125553272,NA,1.67024987579064e-11,0.0121249455505176,0.00104146484430539,0.00170044274618957,NA,0.731785637943328,NA,1.33379704653979e-10,0.00571363326590067,NA,0.00358141981648815,0.000320896763527926,0.772928855869953,NA,4.11854504554879e-06,0.00639715550636515,NA,0.0018404127639268,NA,0.508442694927276,0.989548858883478,2.37464502981984e-06,0.0083810514321404,0.00506894746698017,0.00167071026045862,NA,0.53670632305468,0.987457774412237,3.37450169786023e-06,0.00563823179274591,NA,0.00252165743567396,0.0013892395547185,0.541264361390547,0.9867966258004,0.389479863268863,0.0180525151386918,0.000641489174162578,0.00506594608963751,0.00018571966540038,0.797476968115662,0.897034043131885
"38",4.49425140114561e-15,0.00563996445562571,NA,0.00166866827306072,NA,0.753094989519884,NA,0.594563467473434,0.0241168835295781,0.000585417339119273,0.00619988180452979,0.000171922962039357,0.863867604477606,NA,6.38332699721596e-12,0.0124379005923897,0.00105752186536144,0.00174428006613928,NA,0.721648119022228,NA,2.13801778685105e-10,0.00573696459686997,NA,0.00334051764744728,0.000325500307894687,0.770204186605185,NA,2.49535180462886e-06,0.00677210736774205,NA,0.00189093775180737,NA,0.522981949548463,0.989945540474043,1.78397441634604e-06,0.00918101047391221,0.0051773404086728,0.00167665881059319,NA,0.531216403033789,0.987676890035729,3.61140841415266e-06,0.00563512170931958,NA,0.00267383561887263,0.00131063493140559,0.55008362075342,0.986036412628421,0.405428641571741,0.019078484738341,0.000652527920309976,0.00490454359602601,0.000188470569081801,0.789604035142492,0.898715180304902
"39",1.27706032444193e-15,0.00563986872925889,NA,0.00166865274379749,NA,0.753093979978064,NA,0.52860654446171,0.019899498581979,0.000581081319075144,0.00528639497598181,0.000171922962039357,0.856004143596079,NA,7.25939140689998e-12,0.0103633672570906,0.000979609605410445,0.0017136061368586,NA,0.708978734133547,NA,1.02589594076913e-10,0.00566596272415573,NA,0.00286594950690193,0.000295243897804619,0.746624041155652,NA,5.32786129327377e-19,0.00623180330270338,NA,0.00201162933620852,NA,0.663182519211996,-0.770687913534114,5.72979122907509e-07,0.00898086170010315,0.00496066029806191,0.00166559555786553,NA,0.566806328459186,0.987208030607131,1.03009099460869e-06,0.00563009675466933,NA,0.00259925242974053,0.00130338097552554,0.577524765721849,0.985956244394588,0.471391852358323,0.0152142218652798,0.000638901111289515,0.0040443432364938,0.00018450082464334,0.760994218262007,0.89654788487784
"40",1.15695016282928e-14,0.00563987942868783,NA,0.00166865521529469,NA,0.75309432219936,NA,0.668300355440103,0.0246505159727678,0.000589350528260098,0.00729182312547405,0.000171922962039357,0.873332807943167,NA,2.36813791406692e-11,0.0134118685164557,0.00111360410038637,0.00170964862411459,NA,0.74347411549367,NA,1.00210896473101e-10,0.00584660667222062,NA,0.00420696223052382,0.000348939899759658,0.786829052171452,NA,1.7239355815613e-05,0.00622240127145025,NA,0.00182767729656886,NA,0.486356935674304,0.989375765300372,9.20332326700225e-06,0.00816406998055471,0.00512095124817031,0.00167273664436661,NA,0.519150770437446,0.98756888134567,1.06968615756872e-05,0.00566362781376102,NA,0.00239974116336029,0.00145944913272124,0.517501538250728,0.987310573769316,0.331662504895335,0.0210841483415909,0.000648709309081411,0.0062363756696211,0.000188446270469682,0.829535278835541,0.898402167931279
"41",3.26397399864483e-15,0.00563987036414529,NA,0.00166865322751108,NA,0.753093809496135,NA,0.509744945625038,0.021985102517304,0.000581081319075144,0.00543476725326732,0.000171922962039357,0.853338091881984,NA,9.06024573865797e-12,0.0114368807524839,0.000991703458513325,0.00173040991752197,NA,0.714477333762931,NA,4.45690543269495e-10,0.00562369017485119,NA,0.00299215077661846,0.000300245668280758,0.761356527834251,NA,8.93194658246902e-07,0.00684780434536264,NA,0.00190230326910385,NA,0.523281008324715,0.989984016213178,6.69872272888082e-07,0.0093720450749535,0.00511959205283883,0.00167269014772717,NA,0.530772000468048,0.987497887211627,1.53983023712614e-06,0.00563191567130696,NA,0.00270439533725001,0.00126493583728826,0.555078667079487,0.985444424008544,0.490251951023039,0.0166487332990398,0.000638473991845542,0.0041231901194979,0.000183960804578751,0.751166038487925,0.896039718555497
"42",2.33377122125237e-14,0.0056398707365351,NA,0.00166865333769496,NA,0.75309391575936,NA,0.66445836032807,0.0272972089226034,0.000588668895251106,0.00785948364977976,0.000171922962039357,0.872037151209139,NA,2.59716955870726e-11,0.0146957711196644,0.00111898860673263,0.00172461803638954,NA,0.743603264980818,NA,2.50576306139246e-10,0.00585276921604705,NA,0.00450783791431308,0.000360057796976069,0.798363247634878,NA,2.28388629769423e-05,0.00632626146504433,NA,0.0018385548181994,NA,0.43410963851919,0.989451593621048,1.14044457290256e-05,0.00857202257553518,0.00535659785632254,0.00172100606020725,NA,0.479757307543509,0.988023471237129,1.47501481119691e-05,0.00562253673412632,NA,0.00252557377970015,0.00144285877539903,0.481482044958749,0.987198703166389,0.335492645938541,0.023258632566253,0.000647984385991025,0.00669377518961234,0.000188319606922725,0.825952244864874,0.89796436262393
"43",1.27748843990965e-15,0.00563986783817425,NA,0.00166865248016589,NA,0.753094594465118,NA,0.525516110970958,0.0196263066804987,0.000581081319075144,0.00525959131093588,0.000171922962039357,0.855527868549783,NA,9.03671948560705e-12,0.0103413020003078,0.000977493700112668,0.00170530947695886,NA,0.712227336039713,NA,1.09162313598662e-10,0.00564698903187336,NA,0.00288920316769364,0.00029422392792044,0.748235952557932,NA,6.8306635487537e-07,0.00672194029037662,NA,0.00190849937975411,NA,0.565335326065032,0.989968550297221,5.73437891034312e-07,0.00886495408529242,0.00497056349092207,0.00166550629007688,NA,0.564733478010146,0.987226160394253,9.90477881581344e-07,0.00562108184626201,NA,0.0025905975953959,0.00130249728266791,0.578354327210677,0.986016768298012,0.474481641928715,0.0150058410589994,0.000637097489468041,0.00402428458385105,0.000184014320950005,0.759724352583268,0.896234949245156
"44",8.93406654433152e-15,0.0056398722904514,NA,0.00166865379744778,NA,0.753094415592592,NA,0.646167008382951,0.026235014278588,0.000591692037236364,0.00704027581521148,0.000171922962039357,0.872329861136492,NA,7.85614955372469e-12,0.0133170289972432,0.00115263375776097,0.00174617500691359,NA,0.734623210819248,NA,1.58228038795133e-10,0.00581730528708721,NA,0.00374150634972082,0.000357165704585519,0.782394096076831,NA,9.18836148004591e-06,0.00659084439391628,NA,0.00186593511284111,NA,0.508002937377711,0.989795471095622,5.7371766684195e-06,0.0088262820699589,0.00522164587373753,0.00167286115239315,NA,0.524118631013242,0.987776592230053,9.70915622958033e-06,0.00555353665659186,NA,0.00262759616128114,0.00134271725800319,0.536585390488516,0.986417164022764,0.353808356756578,0.0215208247290824,0.000671480763903678,0.00576818760289791,0.000194515419063801,0.818230381762611,0.901997357631879
"45",2.39218425710206e-15,0.00563986814935345,NA,0.00166865257222788,NA,0.753094498126248,NA,0.490601239296957,0.0210178414969368,0.000581081319075144,0.00518888285868969,0.000171922962039357,0.851655868287214,NA,7.65778370910151e-12,0.010822413912795,0.000975231829514075,0.00173067280868799,NA,0.707493136119848,NA,3.61209047627878e-10,0.00562375873504417,NA,0.00282445215671928,0.00029404899181604,0.753751442928521,NA,5.83483055017268e-07,0.00692144857360001,NA,0.00192058597120212,NA,0.546974239694792,0.990080623816143,5.0060789596367e-07,0.00945681185920052,0.00506391910171528,0.00166973305685232,NA,0.544798199340809,0.987414514052359,1.16663591772964e-06,0.00563928677303386,NA,0.00269196623995955,0.00125952796916219,0.567532871369972,0.985408473480657,0.509396509607305,0.0157518771355572,0.000637654374218823,0.00389589239487089,0.000183685744376772,0.743678021068218,0.89595963984651
"46",1.176489956276e-12,0.00563986846419579,NA,0.0016686527799867,NA,0.753093893837758,NA,0.450135416732022,0.03992577783453,0.000581081319075144,0.00932693403713191,0.000171922962039357,0.8467915548805,NA,5.53592695444921e-10,0.0212055799009781,0.0013819679968193,0.0020336341063506,NA,0.834865486428993,NA,2.9839561854794e-08,0.00614121795057143,NA,0.00469859395854443,0.000373331155357556,0.823180169943944,NA,9.04268956790064e-06,0.00758364595142938,NA,0.00208565315384138,NA,0.189912323215504,0.990768035420125,8.07119380437743e-06,0.0140752169700683,0.0051300248807309,0.00169317272238868,NA,0.319988750030392,0.987443310965434,2.15387085044217e-05,0.00566334420147553,NA,0.00410370552695599,0.0012397148127857,0.38398450896213,0.984949948350946,0.549825900281771,0.0286795922732063,0.000662739674288273,0.00670903470007658,0.000191571862129312,0.716038094623442,0.89919668040333
"47",5.24831674295677e-15,0.0056398564566612,NA,0.00166864911273886,NA,0.753097459022961,NA,0.488229783759616,0.022760291247138,0.000581081319075144,0.00563592344778317,0.000171922962039357,0.851074593134449,NA,1.58411845170171e-11,0.0118433267630788,0.00101332984841542,0.00175293838632923,NA,0.728890911264416,NA,7.16290305694245e-10,0.00570158124923752,NA,0.00310342007768131,0.000306113305151662,0.771869168056304,NA,9.33111202434419e-07,0.00690322769245175,NA,0.00192338611714068,NA,0.500664456504474,0.990065368836716,7.41801906929261e-07,0.00967924765760653,0.00507840264191437,0.0016708486378358,NA,0.512127160803858,0.987399632783919,1.68407269974775e-06,0.00565222510425385,NA,0.00279667033877877,0.00126256723535801,0.538851035763365,0.985389671143834,0.511766856522438,0.0170327737539884,0.000638627794159731,0.00422592629438387,0.000184043167078687,0.74153423901654,0.895995846124007
"48",6.89331876228287e-14,0.00563988435117307,NA,0.00166865736581403,NA,0.753096926365784,NA,0.569112397319572,0.0214543208043953,0.00058989996130391,0.00554746851625904,0.000171922962039357,0.851848777809674,NA,6.959678745026e-11,0.0119431604870052,0.00107249776537867,0.00171235284309753,NA,0.725888616488794,NA,2.38098256299911e-09,0.00561921710723377,NA,0.00327962067413085,0.000326501795358254,0.77403572251634,NA,7.62981121341764e-06,0.00657757783453641,NA,0.00184067945658561,NA,0.500190247975239,0.989127900768023,4.13287574220775e-06,0.0086076697719532,0.00524061223178816,0.00167559466598143,NA,0.522513891248381,0.987067053811903,8.17295915043772e-06,0.00563029694685,NA,0.00257942158903547,0.00130354582253678,0.545416247491384,0.985177817804462,0.430867664583674,0.0172280648926671,0.000670909684726479,0.00445788400786707,0.000193119026307824,0.773079966843068,0.895622675328651
"49",6.39239112131546e-15,0.00563992200133589,NA,0.00166866358682552,NA,0.753096634713165,NA,0.592655891947545,0.0234866257286831,0.000583114931059379,0.00632072978307534,0.000171922962039357,0.862086840793717,NA,1.67496415887828e-11,0.0126421320822917,0.00103779733364165,0.0017132494938968,NA,0.729885107796361,NA,3.02787151812299e-10,0.00569389158214411,NA,0.00360446412619758,0.000322709259179494,0.778551425324413,NA,4.03392484265835e-06,0.00650143311949421,NA,0.00184793467309108,NA,0.482400576184111,0.989617664436215,2.26147434735871e-06,0.00854092516191415,0.00519441898789137,0.00167322528654799,NA,0.506994566917195,0.987674374575058,3.72507149877455e-06,0.00564216169442818,NA,0.00261372703263578,0.00135631612665201,0.522742405092877,0.98649581322427,0.407334087262223,0.0187750448249371,0.000641296440253366,0.00505482845581129,0.000185470695228099,0.78794408622647,0.89671998545296
"50",2.03576067643856e-15,0.00563986814130764,NA,0.00166865267116024,NA,0.753093950086501,NA,0.545586540404792,0.0204204108903409,0.000581081319075144,0.00550532847645669,0.000171922962039357,0.857288604210304,NA,1.25675021801324e-11,0.0109296727394453,0.000994234316408018,0.00170199978546896,NA,0.720107070625783,NA,1.54130784307495e-10,0.00564724168084781,NA,0.0030909999108994,0.000301558692505599,0.758669612819328,NA,1.22796023997879e-06,0.00660088671477677,NA,0.0018755029773487,NA,0.539971294114774,0.989789914212923,8.60153147066478e-07,0.0087058847971531,0.00501383727528532,0.00166796481004652,NA,0.553850631627071,0.987327266783768,1.43471400852199e-06,0.00563187522148895,NA,0.00257734729158927,0.00132765032278861,0.563259582798213,0.986208488041267,0.454409936601113,0.0158211970290783,0.00063754382690006,0.00426810312111999,0.000184210370637911,0.767944997216782,0.896259606401083
"51",2.37147694377044e-12,0.00563990311471063,NA,0.00166866364229664,NA,0.753094610229101,NA,0.675715141878414,0.0353317826926756,0.000719424540574736,0.010408387953854,0.000211747303351787,0.906520758213355,NA,1.44982115563595e-10,0.0135039452343828,0.0018270057376319,0.00172044701053851,NA,0.76806751999663,NA,6.99722695704144e-10,0.00591285627778262,NA,0.00439985564327214,0.000548781957358026,0.808321569687642,NA,0.00461811660521995,0.00613560586664474,NA,0.00181134597725201,NA,0.466207167479006,0.989884614965304,0.00215425329754463,0.00771871967301979,0.00535580097644614,0.00167648730089834,NA,0.49511585834901,0.988690177239551,0.00236886684962405,0.00563816165433993,NA,0.00228470965242738,0.00155902656985376,0.490465584241917,0.988575318501445,0.315143620522121,0.0276985358521654,0.000870177645566176,0.0081441768655158,0.000256370177085549,0.869017955672035,0.929127750875292
"52",1.05221057395452e-14,0.00563990203448834,NA,0.00166863828041086,NA,0.753093629485806,NA,0.654989401494633,0.0245136635115012,0.000587831505965438,0.00712218267084096,0.000171922962039357,0.870947614766869,NA,2.2698826006238e-11,0.0133286783897016,0.00109501112840011,0.00170995566494715,NA,0.740771114149269,NA,1.34388306210014e-10,0.0058139029263612,NA,0.00410683206159356,0.000344081139633661,0.786589726737355,NA,1.30149607741392e-05,0.00628582006353747,NA,0.00183019022466876,NA,0.480734173876398,0.989424044769495,6.92817341436016e-06,0.00825335306776325,0.00514838780797125,0.00167319388775677,NA,0.512393275283245,0.987616557917998,8.61715794000973e-06,0.00564306094311323,NA,0.00247268885784589,0.00144416690372061,0.514989705619668,0.987222126251113,0.34498203805614,0.0206556362271293,0.000646592531402785,0.00600085789619987,0.000187706537757815,0.821050017495867,0.897954821317069
"53",2.04369416692134e-14,0.00563986356416372,NA,0.00166865078179137,NA,0.753093759317596,NA,0.694018235295706,0.0272487867171869,0.000597700134804658,0.0081808643412203,0.00017383594078438,0.879195616095662,NA,2.30242996603744e-11,0.0146727077424193,0.00116722369788351,0.00172087553948584,NA,0.750036261448546,NA,9.42068857118019e-11,0.00592700813141956,NA,0.00471087573780876,0.00037061870956899,0.797826161215468,NA,4.03656654434814e-05,0.00617652513180081,NA,0.00182105206928726,NA,0.464608039745189,0.989320068146342,2.04232941494682e-05,0.00806512220978323,0.00515688016968127,0.00167421446093179,NA,0.501109450287188,0.987648859798913,2.2590848303932e-05,0.00564160457051089,NA,0.00238514467486625,0.00150254965330403,0.493368290264205,0.987614736504012,0.305898384779145,0.0241340754170281,0.000651605365463028,0.00724406165048306,0.000189545736421195,0.848062806658377,0.898983002807603
"54",5.70382121583373e-15,0.0056398668378455,NA,0.00166865061813152,NA,0.753094012641014,NA,0.571296997848353,0.0229500166825075,0.000581751586633656,0.00606949219700642,0.000171922962039357,0.859544993604113,NA,1.60231584331169e-11,0.0122917937176167,0.00102412022222848,0.00171542146433127,NA,0.726658286812089,NA,3.55857869944135e-10,0.00567364887065633,NA,0.00344608822052581,0.000316691643255539,0.77497904750494,NA,2.88179305293612e-06,0.00658870369307506,NA,0.00186363336421701,NA,0.490435627495203,0.989761472541654,1.69691964695354e-06,0.00885858660192864,0.00518167978780307,0.00167929154117088,NA,0.515863393871709,0.98764006955698,2.98440589412605e-06,0.00564259995676868,NA,0.00263134957201427,0.0013338626929943,0.533541322562318,0.986244308905053,0.428695438661167,0.0180736780171925,0.000640408672162234,0.00478401084469275,0.000185052890033996,0.777949290457621,0.896501129616512
"55",2.10759185291853e-12,0.00563986727248273,NA,0.00166865231278153,NA,0.75309409901259,NA,0.65240719282526,0.0386011555576163,0.000767063481264106,0.0111805748669539,0.000279097497860151,0.902965908916468,NA,1.7278500926149e-08,0.0242549857487295,0.00195116006112406,0.00198827690608399,NA,0.890073150228502,NA,2.93350851754517e-10,0.00604432971316907,NA,0.0054332867909119,0.000615752211349963,0.820700108941057,NA,0.00467910011224784,0.00557998225607582,NA,0.00188220670029399,NA,0.289554059479669,0.987538813441638,0.00275647757795319,0.00862689798020289,0.00450436889319515,0.00167509567694685,NA,0.408315051161881,0.985431689222433,0.00193178697851879,0.00594242478515177,NA,0.001473599153808,0.00209212008400996,0.242003152113667,0.988619309563634,0.338225424932061,0.031794057839865,0.000864867887438414,0.00916660786109551,0.000314651517383865,0.862672168941201,0.923616295760828
"56",2.43330415331682e-15,0.00563987518875466,NA,0.0016686546549518,NA,0.753093662900696,NA,0.622511936109531,0.0222061333838841,0.00058630627458702,0.00621460355665535,0.000171922962039357,0.867306204046178,NA,9.43904573082764e-12,0.0118789588391799,0.00105859633373761,0.0017088717394177,NA,0.729869653110874,NA,6.54612808211344e-11,0.00573950171464884,NA,0.00346510328065017,0.000321743210719268,0.765261263856682,NA,3.27123810153327e-06,0.00645842133036365,NA,0.00185424480598206,NA,0.536842754453429,0.989662162299188,2.11976494499158e-06,0.00846675705011083,0.00509371328904742,0.00166856601897629,NA,0.551176462544332,0.987531715961375,3.06651242627729e-06,0.00564021025067511,NA,0.00251830578008636,0.00138021900547812,0.558679876348417,0.986759811510337,0.377479606300093,0.0180530761096552,0.000647680871253245,0.00505315338335658,0.000187411022750867,0.804405184729907,0.898282040319069
"57",1.1637508197958e-14,0.00563986905559323,NA,0.00166865284033663,NA,0.75309521243224,NA,0.690106406198501,0.0259472085287962,0.000594424535279687,0.00774090961508847,0.000172613844683712,0.878035436246703,NA,1.83617190336135e-11,0.0140971643777272,0.00114987219350148,0.00171367979584985,NA,0.748043139915755,NA,6.60475885937268e-11,0.00588911231783098,NA,0.00446917988684156,0.00035917548518088,0.790197423217373,NA,2.71528673013597e-05,0.00617529314339033,NA,0.00181784683458243,NA,0.485320011084825,0.989330577975442,1.39603156674815e-05,0.00799469849278558,0.0051690899498095,0.00167765068491361,NA,0.51872602111569,0.98771602680712,1.57007061022824e-05,0.00565126413632775,NA,0.002381739609179,0.00148752430403293,0.511780192718417,0.987562534301879,0.309836779828007,0.0228664019566104,0.00065016320746839,0.00682108174875462,0.000188815678461537,0.845134964159192,0.898821914698158
"58",4.45779030230713e-15,0.00563988084076462,NA,0.00166865632720195,NA,0.753094797003512,NA,0.591743151259644,0.022501047884567,0.000582975616645821,0.0061446246034592,0.000171922962039357,0.862221975790833,NA,1.59446796307295e-11,0.0121582182676047,0.00103116279079108,0.00170634161487118,NA,0.729099815613949,NA,2.05628207817622e-10,0.00569035871497643,NA,0.00350574692299321,0.000318414963734949,0.773745902244,NA,3.33469188921408e-06,0.00644901430379479,NA,0.00184440915873087,NA,0.500249502322449,0.989601202806404,1.931934933768e-06,0.00891588546075474,0.00520655910510244,0.00170334658474927,NA,0.536758518176241,0.987750320432964,3.04573244173529e-06,0.00562706676593737,NA,0.00256896910415903,0.00135939215412795,0.537826994195198,0.986541796192065,0.408248536159514,0.0179724786553116,0.000640621550542627,0.00490966243630472,0.000185307712447748,0.78806890912356,0.896743446993496
"59",1.09376692344152e-14,0.00563987995533571,NA,0.00166865875390058,NA,0.753096924359789,NA,0.64819622227681,0.0247469596969407,0.000587179663486318,0.00710170363685109,0.000171922962039357,0.86974880314523,NA,2.23088628767563e-11,0.013432073828606,0.00108817773647455,0.00171198745996028,NA,0.739601941315621,NA,1.7003411675328e-10,0.00579896712276524,NA,0.00409060384306306,0.000343048969679781,0.787652452733826,NA,1.18817294457791e-05,0.00631452123012116,NA,0.00183563504471951,NA,0.47205463882038,0.989465439941062,6.18222820798908e-06,0.0087836004131304,0.0050002927497382,0.00164658167461536,NA,0.506419136871863,0.987284223226074,8.15252993185843e-06,0.00564252783100703,NA,0.00249992098401606,0.00143176221707875,0.509680745725859,0.987120315828005,0.351777561043251,0.0207086743490594,0.000645842975881873,0.0059428153870184,0.000187427371846661,0.81685041636709,0.897737565899614
"60",1.86716523702872e-14,0.00563986852234323,NA,0.00166865497503079,NA,0.753094286310434,NA,0.67438425720829,0.0258540602775444,0.000589879924060581,0.00767561029935533,0.000171922962039357,0.874308585380619,NA,2.74822834080579e-11,0.0139815261426699,0.00113070165850422,0.00171698400599678,NA,0.745532147505517,NA,1.32602956423558e-10,0.00587990938948189,NA,0.00442178576717562,0.000359132173358827,0.793575791552359,NA,2.48961631604631e-05,0.00623235937615184,NA,0.00183057281595172,NA,0.46768442871405,0.989421605183688,1.30297290504371e-05,0.00824250230849981,0.00512988234104973,0.00167456428967978,NA,0.505108310360527,0.987580924250661,1.50235870968608e-05,0.00564991953033657,NA,0.00243420834468466,0.00148137905824154,0.498641908773582,0.98748447115485,0.325562793152298,0.0222829252456679,0.000650254388754126,0.00661351596990905,0.000189122302451421,0.833337143694773,0.898594018610545
"61",3.6375833326362e-15,0.00563986931775142,NA,0.00166865291792469,NA,0.753093943090307,NA,0.580534421662927,0.0234019137230728,0.000584033831654132,0.0060028090540534,0.000171922962039357,0.861890906382955,NA,6.50559520120128e-12,0.0121274773549291,0.00103818515710939,0.00173919157315617,NA,0.719339213653454,NA,2.12856920924878e-10,0.00571394201091054,NA,0.00325418858516868,0.000318445302284815,0.766990008436643,NA,1.88724454199763e-06,0.00676786182471041,NA,0.00189417711200279,NA,0.527872877739233,0.989940334969799,1.37750683393515e-06,0.00916007104757538,0.00514137277317231,0.00166409508072718,NA,0.533048557172006,0.987584400595703,2.81037769198065e-06,0.00563453740085215,NA,0.00266921327525269,0.00130448115280751,0.553660388625584,0.985957458636209,0.419459502988639,0.0183837625965253,0.000648373921546154,0.00471696173458016,0.00018720146192213,0.782983177642977,0.89801348653518
"62",1.38922263280347e-14,0.00563985905898802,NA,0.00166864658756634,NA,0.753094046874241,NA,0.663686515767298,0.0274797840258006,0.000591031084039044,0.00759454926908178,0.000171922962039357,0.873113676035423,NA,1.32588100765803e-11,0.0145599346470581,0.00113444735417571,0.00173372661650147,NA,0.741637584304998,NA,2.13173611948945e-10,0.00583094541419652,NA,0.00427099853498887,0.00035868044007582,0.794782121620599,NA,1.67829162581629e-05,0.00640656959765949,NA,0.00183305230452318,NA,0.457180901389994,0.989535905412906,8.28201468744912e-06,0.00777114009164364,0.00562314627334482,0.00172823079377864,NA,0.485467802301197,0.988474906765353,1.27921966831715e-05,0.00565099478695133,NA,0.0025737885093404,0.00141183844615877,0.502223829738684,0.986988402247215,0.336275626878627,0.0232640321710579,0.000654661176885324,0.00642646367627885,0.000189652139836453,0.826754971715357,0.89919683047711
"63",2.43028313298647e-13,0.00563985465235282,NA,0.00166864921195353,NA,0.75309360801794,NA,0.723547712724532,0.0315997330023779,0.000636098581429154,0.010678456340811,0.000186059761121639,0.892745969945278,NA,1.8371121231911e-10,0.0160203586782157,0.00139377440152202,0.00174811468325724,NA,0.786554698762367,NA,5.51847935481323e-11,0.00623773769465114,NA,0.00589451802628675,0.000428195787017088,0.810623092923808,NA,0.000424160558743067,0.0059691458600157,NA,0.00185151808014461,NA,0.435291302186744,0.989150291460769,0.000238830739145069,0.00806281615176225,0.00490737303186324,0.00167295387251711,NA,0.489364581085946,0.987128488788549,0.000177843724277858,0.00567665613608843,NA,0.00219852315341619,0.00167189003537737,0.44908980679002,0.988366853583794,0.275611452014163,0.0298206322880505,0.00066383961618867,0.0100822169507746,0.000194258974836463,0.880824675594301,0.901119559876256
"64",2.57577553512686e-15,0.00563988961939405,NA,0.00166866023113046,NA,0.753096854035005,NA,0.588845461620339,0.0223661332265365,0.000584783241859656,0.00593135051621512,0.000171922962039357,0.863684585725341,NA,5.54881156123438e-12,0.0114113063078718,0.00104569549935154,0.00173750481057858,NA,0.715619890585517,NA,9.6999349682056e-11,0.00575570070001939,NA,0.00313795817969402,0.000318926927932974,0.757826581815863,NA,1.6381891474653e-06,0.0067913762873174,NA,0.00191929651318625,NA,0.55956980788002,0.99006977495124,1.39862220636444e-06,0.00904204343895281,0.00506134114855595,0.00166917904866017,NA,0.556485428261979,0.987444123181354,2.54353272947132e-06,0.00563328952868236,NA,0.00261422527563736,0.00131964422459363,0.569541187696742,0.986170166031151,0.411148957933027,0.0175871209568619,0.000653892976449734,0.00466429466349429,0.000189053045991576,0.787749585793123,0.899144420420706
"65",7.89819537779554e-14,0.00563986923398713,NA,0.00166865294675837,NA,0.753093951743835,NA,0.659125459543176,0.0321299708258679,0.000670940723680232,0.00889349392467073,0.000195995274427948,0.89317839665376,NA,1.70986369805744e-11,0.0127187737752074,0.00155005293967272,0.00173629686767775,NA,0.748788683274198,NA,2.27706471169891e-10,0.00582913363361929,NA,0.00371986421568069,0.000467132841451399,0.78981917451247,NA,0.000145071230363527,0.00650297017469222,NA,0.00186989796987078,NA,0.501944972557607,0.989867326476166,8.79796222380329e-05,0.00867168385097937,0.00530774504787456,0.0016782970459781,NA,0.520128911108598,0.988053171314993,0.000126230635587394,0.00563200369182142,NA,0.00257935036235502,0.0014430837245241,0.524623102106572,0.987339542098795,0.340515258723751,0.0237939624474074,0.000828355203276918,0.0065295925519667,0.000242274098539912,0.837327833505184,0.921626033360164
"66",2.73375336940682e-15,0.00563990283128464,NA,0.00166866283347738,NA,0.753095160128062,NA,0.572997851278138,0.0225195680022091,0.000583271445136718,0.0058345752977175,0.000171922962039357,0.861169917056157,NA,5.98483828200616e-12,0.0116115004365109,0.00102761657078344,0.00173666710753675,NA,0.715579720785447,NA,1.5537539069228e-10,0.0057178580751958,NA,0.00313629308107376,0.000313864211275176,0.7607371080382,NA,1.42866515341256e-06,0.00679290728206289,NA,0.00190802923604465,NA,0.546309273432283,0.990050231895037,1.14594623648655e-06,0.00913992361188443,0.00510181659236717,0.00167001494772047,NA,0.546664392024547,0.987506897094122,2.26559418573789e-06,0.00563604293551771,NA,0.00265375641013251,0.00130450917632778,0.562135840972724,0.98598673163049,0.426997308354924,0.0175953947591613,0.000647965107092822,0.00456031483422103,0.000187122598324968,0.779861641037155,0.898024547129416
"67",3.98694709830578e-14,0.00563991042856858,NA,0.00166866508126773,NA,0.75309803866536,NA,0.636020118154389,0.0208606590478304,0.000593694092992087,0.00599928676694075,0.000171922962039357,0.862754530503176,NA,7.39856216091457e-11,0.0118534865322058,0.00111206573867292,0.00168956830126508,NA,0.736208548904096,NA,3.95148650580458e-10,0.00570698632313318,NA,0.00357862029746437,0.000339380592389936,0.773208092311877,NA,1.62460757750872e-05,0.00627488362534591,NA,0.00181530232303282,NA,0.525425576644785,0.988885637476684,8.66419336864683e-06,0.00796620586749104,0.00513504733184418,0.00166932053385012,NA,0.548299859385192,0.986959753725676,1.12726448916502e-05,0.005628548948198,NA,0.00239059250442324,0.00141256112942273,0.552126020367266,0.986347720053057,0.363943698462401,0.0175733416558663,0.000673812429219365,0.0050527992688795,0.000194903116057735,0.809356850053718,0.896974398492622
"68",2.11294500476709e-15,0.00563986870770023,NA,0.00166865301059498,NA,0.753093935353485,NA,0.571079470464206,0.02130381200309,0.000581764459883784,0.00573923525277535,0.000171922962039357,0.860261684232071,NA,1.00810989791808e-11,0.0113849013564068,0.00101145541362231,0.00170722129518304,NA,0.722167307314472,NA,1.31523205283315e-10,0.005667837465802,NA,0.00321242327314292,0.000307778569438567,0.761986395442008,NA,1.58427135780093e-06,0.00661151465275111,NA,0.00186670569752574,NA,0.535123060954211,0.989812222265168,1.07208491101534e-06,0.00899366435427719,0.00513387791156973,0.00169166085552427,NA,0.555490052963973,0.987611046605734,1.79822906321299e-06,0.00563077188583714,NA,0.0025421453313258,0.00132664158981022,0.560268461279653,0.986222274931458,0.428916074808856,0.0167466549443735,0.000640072967628844,0.00451379625728652,0.000184948511627279,0.779229221564554,0.896742459843852
"69",2.91875555402832e-14,0.00563995199525112,NA,0.00166868345081313,NA,0.753097715402112,NA,0.66311357594698,0.0265091394737284,0.000588178996863644,0.00778801843852973,0.000171922962039357,0.871960326298253,NA,3.4684656839564e-11,0.014227868220052,0.00112285538518986,0.00172488631339954,NA,0.744073775962547,NA,2.36015071065817e-10,0.00588271818760207,NA,0.0044544961077063,0.000361465550532486,0.797031528851494,NA,2.49501795194275e-05,0.00630597403550487,NA,0.00184631099984858,NA,0.447569351899246,0.989448733390162,1.31905807178067e-05,0.00835113233212193,0.00511624496656045,0.0016696381940222,NA,0.48487765443009,0.987513040040025,1.58375823634484e-05,0.00561012926145936,NA,0.00246366006075956,0.00145448606791586,0.479752324451407,0.987242155257072,0.33683244543969,0.0225288180348366,0.000650370856620401,0.00661595755751979,0.000189335644730827,0.825405723953318,0.898400138276266
"70",2.39950914667684e-15,0.00563986975597488,NA,0.00166865297923887,NA,0.753093956315184,NA,0.564697976310717,0.0227158422851211,0.000581081319075144,0.00623838362032079,0.000171922962039357,0.868288544703794,NA,1.2792442413157e-11,0.0118438874091276,0.00101630246881122,0.00169891244120096,NA,0.730566181713476,NA,7.97282768017265e-11,0.00570360865957108,NA,0.0034702224770022,0.000316682402026708,0.768343982972318,NA,3.30972170716858e-06,0.00641234743687787,NA,0.00187011406935795,NA,0.5060769069434,0.990374925403407,2.19524448832571e-06,0.0087678097173423,0.00500431866356758,0.00167672796366753,NA,0.528363874551676,0.988491466073541,2.62065569177328e-06,0.00565294027540594,NA,0.00254972986862748,0.00142458929803099,0.533471145478106,0.987879028519251,0.435293897974872,0.0178887309447147,0.00061984751543774,0.00488595409139941,0.000185745803798888,0.785237661710585,0.904362939122061
"71",2.56082223552029e-14,0.0056398700299896,NA,0.00166865307980858,NA,0.753093955231271,NA,0.535711446303875,0.0205708123795954,0.000581081319075144,0.00499894829688435,0.000171922962039357,0.848122323363259,NA,2.56317099195746e-11,0.0110446479062894,0.00101615585167308,0.00173415254920177,NA,0.708979150691181,NA,1.52986601791161e-09,0.00561035298403624,NA,0.00282665207852135,0.000309119939086602,0.755927654871497,NA,1.87640901983642e-06,0.00685964665209722,NA,0.00190174705679893,NA,0.552362752456878,0.989531039786299,1.49161394479715e-06,0.00909928312600488,0.00510062432286761,0.00168088830613819,NA,0.550268584241602,0.986994717953782,3.46623625268415e-06,0.00566572412994438,NA,0.00260869721909203,0.00125913116609548,0.576494250410843,0.984610579225228,0.464281717881385,0.0160922289875767,0.000651881753137198,0.00391488662144231,0.000190361845422453,0.756778934639066,0.894551355308003
"72",7.59097150323717e-14,0.00563985632749229,NA,0.00166865088321843,NA,0.753093198175835,NA,0.557413090417593,0.0301700541811664,0.000704359805305881,0.0084000907963937,0.000206575872335405,0.896173218363463,NA,1.80808282896812e-11,0.010499690186413,0.00164328311793587,0.0017228824486766,NA,0.736134278741061,NA,1.5278787480405e-10,0.00575943580786295,NA,0.00301371687480037,0.000487233309208282,0.766308549818949,NA,0.000115787632963461,0.00668675595510658,NA,0.00192955664797064,NA,0.562456915392517,0.990182995104076,9.71505162603546e-05,0.00843091818699901,0.0050136003168295,0.00160576399220275,NA,0.556341086252289,0.987427847969284,0.000136955095854821,0.00557997758106674,NA,0.00258265370100296,0.00142785082638369,0.557677596896512,0.987235738309956,0.442237016166384,0.0171488470823402,0.00103344200437394,0.00468134635471812,0.000303503271114651,0.787049719043758,0.937581946877536
"73",1.03594220678442e-14,0.00563985742138372,NA,0.00166864999277045,NA,0.753093546206631,NA,0.605833335388628,0.0242139941503373,0.0005837831290837,0.00662331290647436,0.000171922962039357,0.863535451686786,NA,2.17162908839186e-11,0.0130324472821953,0.0010526674493706,0.00171749235330806,NA,0.732885315305502,NA,3.44091835794837e-10,0.00573596398204654,NA,0.00378460327991632,0.000330629160674058,0.783702584755384,NA,6.15430386785946e-06,0.00649766935853515,NA,0.00185510907172717,NA,0.469965376386227,0.989663966427087,3.38133799636581e-06,0.00871803458839853,0.00518128717469097,0.00167784949689738,NA,0.500701612165302,0.987672659638273,5.23670313069983e-06,0.00563868773348614,NA,0.00261217593902891,0.00137448125016264,0.513740937801553,0.986621752937132,0.394151891900559,0.0195427528844231,0.000643019677478425,0.00534716172085761,0.000186237488605314,0.793904624162209,0.896975207435445
"74",3.52413058697743e-13,0.00563986926470689,NA,0.00166865290222784,NA,0.753093948442166,NA,0.401235513188112,0.0350008740278971,0.000759860678017981,0.00901965180815277,0.00022647211514306,0.901050803345167,NA,2.59695310040613e-11,0.011067396739273,0.00179571496223078,0.0017368600772869,NA,0.737351601414669,NA,8.19323219584875e-10,0.00572595471199464,NA,0.00302869492075584,0.000522103203659861,0.775990021651849,NA,0.000320748043940464,0.00677493540335689,NA,0.00192653423417995,NA,0.523042949624674,0.990237087432101,0.000265209267503962,0.00946546867336526,0.00531826320919728,0.00166907610888076,NA,0.524545575671852,0.988124186622027,0.000425519090180043,0.00564102893826677,NA,0.00273978418751323,0.00143632941171284,0.53102906235004,0.987299497006054,0.597753009564618,0.0168646175825941,0.00121207020856056,0.00420002241252033,0.000357969165864087,0.749714025149021,0.946998678476617
"75",8.10744264398166e-15,0.00563986929402184,NA,0.00166865291089643,NA,0.753093945206434,NA,0.636806816604122,0.0256191883803353,0.000592243647408531,0.0068471583229158,0.000171922962039357,0.872364736365887,NA,6.04737271893851e-12,0.0124702028690565,0.00117371978908983,0.00175426408251927,NA,0.72792934497806,NA,1.17723709632605e-10,0.00582924379613279,NA,0.00344885054387024,0.000360878838911476,0.772642583267059,NA,6.97153973524691e-06,0.0067109800962149,NA,0.00190044822044333,NA,0.538134871378983,0.990015038841173,5.30058797949733e-06,0.00903094653366907,0.00514985208723874,0.00166947323852358,NA,0.543462306062177,0.987679491957015,9.2705298462779e-06,0.00563174203956874,NA,0.00264331918764374,0.00135560727951818,0.553469397408585,0.986546264278626,0.363171640614538,0.0206030667988469,0.000685271824632118,0.00549366539246535,0.000198725812993027,0.814119179864172,0.904145610775354
"76",5.69947523563097e-15,0.00563986911303847,NA,0.00166865285735163,NA,0.753093934626082,NA,0.56798538222142,0.0236489356633563,0.000582067893395323,0.00608526654866298,0.000171922962039357,0.859165631424788,NA,1.27463776880411e-11,0.0125853169917854,0.00102520558156849,0.00172153410825508,NA,0.72525257765692,NA,4.34510159099991e-10,0.00565606714917362,NA,0.00343322635423934,0.000316483614723425,0.775437953440885,NA,2.62733986491025e-06,0.00662984084614499,NA,0.00185953636998177,NA,0.483584243287032,0.989721482668054,1.53740278847624e-06,0.00897424163854705,0.00521816835976116,0.00167771281075948,NA,0.508620807478838,0.98772234543767,2.99107954014137e-06,0.00563775011649181,NA,0.00267202925671931,0.00131437052553912,0.532305312034823,0.986030711066419,0.432007461509124,0.0185755354018808,0.000640548246795365,0.00478405712768154,0.000184900032779213,0.776184788072948,0.896441856062023
"77",4.5601031773687e-15,0.00563986985130762,NA,0.00166865307578068,NA,0.753093968672385,NA,0.628067568238612,0.0220192381290674,0.000585378662672715,0.00636882614960188,0.000171922962039357,0.867189584736886,NA,1.9758828216372e-11,0.0120318373533065,0.0010558205398743,0.00169744798673134,NA,0.734808761207995,NA,8.89699747563449e-11,0.00575363488477355,NA,0.00365150946960579,0.000323923210703223,0.771196346816811,NA,5.41074564649334e-06,0.00612478272092117,NA,0.00177695344657017,NA,0.497921532376915,0.989182609342379,3.22262646179607e-06,0.00825600560459171,0.00506894849026248,0.00166754663791227,NA,0.541561399036021,0.98745561198862,4.08960431421649e-06,0.00563489127594636,NA,0.00246840229292342,0.00141533193829414,0.544358661540627,0.98701786216883,0.371919708676232,0.0180800053369726,0.000643317327540141,0.00523014489057816,0.000186424729922539,0.806597879840524,0.897452843176223
"78",2.77352883936282e-14,0.0056398611812881,NA,0.00166865051060168,NA,0.753093585319215,NA,0.706552371346698,0.029060748501989,0.000608633352665213,0.00876499561588935,0.0001770281153463,0.883669953958953,NA,2.08312135270463e-11,0.0154111182587704,0.00121063119029077,0.00173041943122137,NA,0.754072003788877,NA,8.60671526393829e-11,0.00598512286086405,NA,0.00500425973491483,0.000385354088508283,0.803620402300249,NA,6.71775391367409e-05,0.00615915687324925,NA,0.00181994277263789,NA,0.457615728056459,0.98931566640074,3.32223724957387e-05,0.00824030916533131,0.00513258104329336,0.00166901199097559,NA,0.490989648632401,0.987611324820494,3.6305575774473e-05,0.00563164878147105,NA,0.00236122892183308,0.0015164954887044,0.485030843864784,0.987701465902163,0.293310923058968,0.0262666239223034,0.000654795061161475,0.00792178657407728,0.000190480174410615,0.859404159751211,0.8996178909246
"79",3.00157079278784e-14,0.00563989991070488,NA,0.00166866196937449,NA,0.753098196974713,NA,0.67479692187824,0.0301549463841216,0.000613827160971986,0.00821701748718447,0.000178257311830982,0.881119513906976,NA,1.11927451627085e-11,0.0145232756024637,0.00127784046921994,0.00175207866677267,NA,0.745580156634101,NA,2.33039139569691e-10,0.00587851849156268,NA,0.00419125712342015,0.000398349652057576,0.797080480714145,NA,3.94633390059694e-05,0.00650239040309217,NA,0.00185192931871092,NA,0.472294367631337,0.989714609289566,2.15169666808488e-05,0.00873415332377798,0.00530658437780189,0.00167132638016011,NA,0.496349544587007,0.987943545830128,3.38299291771917e-05,0.00563743675519914,NA,0.00260502887408476,0.00140870397844386,0.509355835717463,0.987012142169821,0.325108267642634,0.025207132252823,0.000695788458744146,0.00685282123729776,0.000202074253680292,0.838984134985604,0.905681848451143
"80",1.03934030858115e-14,0.00563986580676747,NA,0.00166865187389901,NA,0.75309395651996,NA,0.65085639555,0.0263493179042491,0.000588893727989077,0.00725650452525314,0.000171922962039357,0.87060375864646,NA,1.36216601270699e-11,0.0141053158582306,0.00110364578863064,0.00172656834322588,NA,0.738839093292589,NA,2.144304717542e-10,0.00579326203522655,NA,0.00411734989559723,0.000347838264383552,0.790763655999059,NA,1.14576702921585e-05,0.00641923284338532,NA,0.00183750398104679,NA,0.464171589251059,0.989567030641882,5.91478663599881e-06,0.00842863090657606,0.00534452861371368,0.00169043566150532,NA,0.490485816148639,0.987984940785806,8.94941511268549e-06,0.00564632829247101,NA,0.00256727325259992,0.00140117785970931,0.506805311120325,0.98689445273414,0.349117282349896,0.0220497790203917,0.00064932452012466,0.00607081554745322,0.000188026250100087,0.818564550110091,0.898267141863912
"81",2.19696380753418e-14,0.00563986889619598,NA,0.00166865279319362,NA,0.753093915829416,NA,0.683890754442452,0.0255815431003684,0.000593244128147688,0.00775311277373458,0.000172649924613642,0.876793046819277,NA,3.0772831762161e-11,0.0137600412375914,0.00115427932490509,0.00171890024929354,NA,0.74793991719046,NA,9.44411195231034e-11,0.00592774943589343,NA,0.00444292039849251,0.000363715183623636,0.791692306760776,NA,3.25601014138286e-05,0.00620187323752657,NA,0.00183448965922661,NA,0.485162099371953,0.98936959588175,1.77554194492816e-05,0.00813384344591943,0.00508104484337552,0.00167183881081031,NA,0.518724746196851,0.987496696820567,1.89672455077573e-05,0.00563780017233137,NA,0.00239750860696927,0.00149305383970485,0.509500919016809,0.987555226133002,0.316039962665942,0.0223008283565152,0.000653656077964911,0.00675660196573553,0.000190271326898182,0.840650391759124,0.899272759747132
"82",3.8363288967536e-15,0.00563988171537578,NA,0.00166865485837985,NA,0.753094439056473,NA,0.60418698861397,0.0233671544217153,0.000584809994304644,0.00625804253317336,0.000171922962039357,0.864309670700894,NA,9.99949888696582e-12,0.012471674385063,0.00104667071852673,0.0017187340664263,NA,0.728329831941776,NA,1.75458223170218e-10,0.00570804126132017,NA,0.00351393335250497,0.00032264194803395,0.773960883625438,NA,3.24351932799777e-06,0.00653889981927456,NA,0.00185427774671794,NA,0.507312273673291,0.989696177093974,1.95556566691146e-06,0.00890138425728003,0.00520940870377865,0.00168393803634713,NA,0.527916915018439,0.987774482840603,3.32383760170333e-06,0.00563269634213374,NA,0.00259573278891487,0.00134688477444218,0.541972045605004,0.986411689964112,0.395804488277972,0.018763688596093,0.000644585759774908,0.00502655560834119,0.000186298321134528,0.79432009690453,0.897474885618462
"83",2.09606151966583e-14,0.00563990125325679,NA,0.00166866236659104,NA,0.753097902471106,NA,0.64770698911833,0.0263669456773394,0.000586854968597494,0.0075054646818182,0.000171922962039357,0.869223858014387,NA,2.77431458478405e-11,0.0141992703371654,0.00109774657750064,0.00172222088461034,NA,0.740611138571528,NA,3.00330101206459e-10,0.00581975418928931,NA,0.00430027655550977,0.000351762025873976,0.794675377278622,NA,1.62971481715285e-05,0.00635325304796311,NA,0.00184463122192687,NA,0.440785927896202,0.989478661183885,7.71019719560097e-06,0.00987600431030265,0.00534615988830388,0.00177969665198115,NA,0.520783098485562,0.988086223019253,1.12346753795085e-05,0.00565293079173454,NA,0.00256406058853521,0.00143476738467676,0.486011954873086,0.98710649008245,0.352257768532829,0.0220684314617391,0.000646859808521225,0.00628010028867577,0.000187913292751279,0.815779716911879,0.897691296723585
"84",6.68831718315219e-15,0.00563987268358946,NA,0.00166865391376008,NA,0.753094017210537,NA,0.666426463008263,0.0251885639288572,0.000590787968960541,0.00717476331775413,0.000171922962039357,0.873712504493124,NA,1.226496153388e-11,0.0135469900914322,0.0011189729934907,0.0017172900755346,NA,0.741208302324905,NA,8.99423788236103e-11,0.00581839281942322,NA,0.00407819468572309,0.000347541341198232,0.785045839885427,NA,1.21964379520359e-05,0.0063214457008598,NA,0.00182588709275367,NA,0.493590293958937,0.989479538547749,6.52529775419078e-06,0.00824835658504392,0.00519666701304318,0.00167348028598544,NA,0.519212043696048,0.987740519386107,8.70777727056266e-06,0.00564025762919689,NA,0.00247756373829147,0.0014280844707623,0.526369523235481,0.987144672042811,0.333546107376546,0.0214297253171486,0.000651624793289367,0.0061036443105326,0.000188782636257097,0.828962583558606,0.898956859254602
"85",1.65297586457005e-15,0.00563986923150449,NA,0.0016686528923993,NA,0.753093942641658,NA,0.574355311414876,0.0210023866545251,0.000582691798406147,0.00567735690732377,0.000171922962039357,0.861476491065135,NA,6.62400796472914e-12,0.0109210028715906,0.00101777652753271,0.00172064989969943,NA,0.715340490958551,NA,7.5425072173053e-11,0.00572046969306324,NA,0.0030627850917071,0.000308097774016025,0.752541764410105,NA,1.183237176172e-06,0.00669590710741338,NA,0.00190470159800813,NA,0.565271004720427,0.990012703053362,9.95071064689887e-07,0.00899273810613863,0.00518285862387843,0.00170540595434008,NA,0.569808320471806,0.987766663698227,1.68380894551997e-06,0.00562256537125903,NA,0.00257669838156112,0.00132661886020713,0.573099474205527,0.986238913827414,0.425640826385887,0.0164378522530488,0.000646145460838259,0.00444481171243869,0.000186779134838735,0.781155887748197,0.897903563189256
"86",1.96328332009868e-14,0.0056398803379928,NA,0.00166865621311321,NA,0.753094004506507,NA,0.65389848251957,0.0282377684275088,0.000615015033750296,0.0076014847842646,0.000178834465007807,0.880036739509179,NA,7.84669617524612e-12,0.012881224675642,0.0012967822331809,0.00175546337751733,NA,0.736485769161925,NA,1.55712871725558e-10,0.00584600778038276,NA,0.00360209690388215,0.000397672519267606,0.781372846319399,NA,2.08873549590018e-05,0.00665704507548737,NA,0.00188930797381393,NA,0.522686538193284,0.989946597853843,1.45179396012635e-05,0.00906074212260769,0.00518278993103198,0.00166450155047153,NA,0.533251761121812,0.987746682447848,2.42572084699876e-05,0.00563607940737393,NA,0.00264332800217774,0.00138482391048311,0.542508077075341,0.98684818766932,0.346041854813821,0.0225377609038793,0.000719458775249306,0.00604181131080412,0.000209219217517632,0.827293547116856,0.909022785739166
"87",2.94087758798826e-14,0.0056398725232549,NA,0.0016686491962986,NA,0.753094641765641,NA,0.71964795659824,0.030132188588944,0.000628053624164813,0.00918143587127686,0.000182482746086127,0.890512876517057,NA,1.65770929665051e-11,0.0155426425905382,0.00128808727014369,0.00173438216908554,NA,0.759609795577759,NA,4.46466532463309e-11,0.00604150753546228,NA,0.00513415615797601,0.000399598011799788,0.802047525867638,NA,0.000118517091930709,0.0061087692681013,NA,0.00181121394306442,NA,0.478008951494427,0.989297379178607,5.73782779466993e-05,0.00852955405514791,0.00534683302618858,0.00172660494467153,NA,0.525858514943877,0.988115000754984,6.14153559759993e-05,0.00563430274314958,NA,0.00230590953432747,0.00153892364826367,0.500566978200813,0.987879234729699,0.280114732614653,0.0280228248505171,0.000662354722506689,0.00854008471417261,0.000192467294885899,0.875029308152205,0.901119919328106
"88",1.60170182073725e-15,0.00563988001768277,NA,0.00166865066352898,NA,0.753094397910307,NA,0.563892924756697,0.0207503586329668,0.000581260275134739,0.00559484825590954,0.000171922962039357,0.859795023564217,NA,7.9845179722536e-12,0.0109456020114647,0.00100540760547525,0.00171214086858881,NA,0.717204794793279,NA,9.46425001517849e-11,0.00568457154996272,NA,0.0030734467710295,0.000304302689656412,0.75460480077289,NA,1.13182488771595e-06,0.00665263798970224,NA,0.00188979035582683,NA,0.5559273833571,0.989884413529205,8.83263483789931e-07,0.00878820234842375,0.00502176665010229,0.00167448441216762,NA,0.558432757560032,0.987404553995538,1.49176221914515e-06,0.00562135618807569,NA,0.00257972369653065,0.0013255530684152,0.569682426550961,0.986209471368758,0.436103568290084,0.016198601054161,0.000641520771219421,0.00436954154272867,0.000185360784993471,0.776318223293584,0.897062308737947
"89",2.13409245654716e-15,0.00563986930840182,NA,0.00166865291514848,NA,0.753093945191924,NA,0.578639628492779,0.0208095316166925,0.000581732242500643,0.00576161072121898,0.000171922962039357,0.860991390114322,NA,1.32900033420489e-11,0.0112600600882706,0.00101214780270485,0.00169577824544766,NA,0.72518870872137,NA,1.07313148641145e-10,0.00566871178808038,NA,0.00326092679176922,0.000307458061145397,0.761425098715859,NA,1.89471278720439e-06,0.00647085409035756,NA,0.00185635116335482,NA,0.534702577701494,0.989692781698891,1.21035178067654e-06,0.00891094176393879,0.00524443314819132,0.00173466588733633,NA,0.563433442432824,0.987876831189635,1.84828943217609e-06,0.00563038503116593,NA,0.00253306726261838,0.00135733289775579,0.559276380389056,0.986515604036764,0.421355418032616,0.0164699520593637,0.000638785887923828,0.0045615157317273,0.000184735119284462,0.782817867052477,0.896596364668723
"90",9.88382256441594e-15,0.0056398610927048,NA,0.0016686504843968,NA,0.753093573583677,NA,0.676639703429109,0.0247343095749561,0.000590519343700816,0.00735407156162306,0.000171922962039357,0.874942606267804,NA,2.07658011097967e-11,0.0134980766194382,0.00112231038251968,0.00170742130791216,NA,0.744825980625128,NA,7.42875088471023e-11,0.00585092226538292,NA,0.00424906313524525,0.000349564804817779,0.785522037323187,NA,1.86148567569396e-05,0.00614768138273997,NA,0.00181033722688972,NA,0.490339143532816,0.989225002812955,9.84662791250862e-06,0.00804418066922411,0.00513008024933537,0.00167456713373804,NA,0.523997622055737,0.987604700725434,1.12290748272453e-05,0.00564968343060301,NA,0.00239714930396384,0.00147770334289084,0.520593268081076,0.987478249873261,0.323320605916331,0.0213903681377395,0.000648589063603487,0.00635891033409682,0.000188355716609585,0.83520780055381,0.898481888528801
"91",5.79547755078686e-15,0.00563987104543184,NA,0.00166865342908222,NA,0.753093982983355,NA,0.661246490262579,0.024568516576269,0.000589694949068836,0.00702183815226645,0.000171922962039357,0.872571418482357,NA,1.30270155728929e-11,0.0133069393322488,0.00110278253557451,0.00171174180293967,NA,0.740097103580334,NA,8.61313606258956e-11,0.00580041296939103,NA,0.00401421544512531,0.000341874891966463,0.782576315948614,NA,1.03034559564182e-05,0.00630889548619631,NA,0.00182445529283793,NA,0.496649895972793,0.989459442457138,5.50897918370179e-06,0.00832611390373332,0.00516852166186133,0.00168968094260313,NA,0.516464279364995,0.98773320566478,7.11410841364197e-06,0.00569589132971436,NA,0.0022936069893588,0.00146822844694847,0.527078064935706,0.987490614262023,0.338730583094703,0.0208038226825885,0.000648362728428585,0.00594670360074326,0.000187842445276382,0.825486365002352,0.898403658452994
"92",6.41368698134823e-15,0.00563987134891495,NA,0.00166865260270276,NA,0.753093926531683,NA,0.627718615479442,0.0234081341034164,0.000585473462465402,0.00661485161775098,0.000171922962039357,0.86688181474352,NA,1.88831385422852e-11,0.0127283181439855,0.00106122050283928,0.00170576853668976,NA,0.735292009234612,NA,1.55874397811236e-10,0.0057478009280659,NA,0.00380237173450375,0.000330447249283311,0.780047142819129,NA,6.61025744507633e-06,0.00636004692919402,NA,0.00183419547607692,NA,0.491382310333301,0.989496888018999,3.6126279689992e-06,0.00846548459669334,0.00531418103950541,0.0017143767886277,NA,0.520814354746886,0.987986877093061,4.99702871593533e-06,0.00564399617331586,NA,0.0025170754165749,0.00141158702883819,0.52809355940729,0.986977641203739,0.372266164431664,0.0192243324761147,0.000643431925535746,0.00543335282301737,0.000186446339757571,0.805926065859199,0.897335930088452
"93",3.38453456412682e-15,0.00563987637312537,NA,0.00166865500537434,NA,0.753094604624619,NA,0.619655619028271,0.0232812089873101,0.000586987077745748,0.00632850584604755,0.000171922962039357,0.867334204263644,NA,7.8416202640731e-12,0.0122057055395009,0.00107326610620056,0.00172633165219656,NA,0.728118668004171,NA,1.00253540036907e-10,0.00575809891750883,NA,0.00346566209125594,0.000328815271058052,0.769792951185576,NA,3.48499841952816e-06,0.00656538979973584,NA,0.00186802974870652,NA,0.531357116904271,0.98977259723095,2.33531611749965e-06,0.00869323451379256,0.00511505692744374,0.00166546749154107,NA,0.542385293205106,0.987567302951294,3.79345919753128e-06,0.00563338559783807,NA,0.00257507988754385,0.00135741006614116,0.555088707679024,0.986542213245481,0.380334767089896,0.0188009590707669,0.00065356411819303,0.00510980551770034,0.000189059100746251,0.802905520619448,0.899159402769435
"94",1.13340405026479e-13,0.00563987318630966,NA,0.00166865406250241,NA,0.753094985197388,NA,0.701985853408372,0.0270069019515218,0.000626302228362504,0.00785902125576048,0.000184583145913773,0.882864300717766,NA,4.82826203587649e-11,0.0141453516105964,0.00129034782651899,0.0017224864603518,NA,0.75283732829544,NA,2.32318877104046e-10,0.00588604415958785,NA,0.0043874774890096,0.000403480449973873,0.795057585740089,NA,0.000122784173852693,0.00615063804816293,NA,0.00180631793459075,NA,0.497409603403239,0.98890861326216,6.17074192808533e-05,0.00783953233129853,0.00519006409682915,0.00167004227356825,NA,0.524847393574087,0.987337476059163,6.94665398347973e-05,0.00562810592934781,NA,0.00233726060513194,0.00149180548814669,0.526331857240311,0.98708190002246,0.297760188177944,0.0241007496210269,0.000685459806286111,0.00701001213837103,0.000202042044011492,0.856700829073174,0.901368098973777
"95",1.40090240225807e-14,0.00563990301586844,NA,0.00166866288808944,NA,0.753098212857236,NA,0.286526021926643,0.048805787072098,0.000605834114756747,0.0128039908658094,0.000252518448640634,0.931280408786446,NA,2.64897366537978e-10,0.0293750534347214,0.00216227221240394,0.00231622443267561,NA,0.930259002852945,NA,3.3236384774576e-12,0.00596178328850836,NA,0.00474507366410043,0.000638412043052988,0.822571944905768,NA,0.00340878432541165,0.00539148522211968,NA,0.00204354651398359,NA,0.264468387332193,0.993831907961866,0.00373101069384982,0.00841490758116876,0.00428739421203236,0.00175894696095275,NA,0.441889221755921,0.992812708884662,0.00152381826381715,0.00569951203661221,NA,0.00172069786628568,0.00222397865342033,0.259265512554429,0.994300612116729,0.704810364522043,0.0300896969882345,0.000803368372954649,0.00772047327862059,0.000334736967622319,0.84711319553958,0.962356858985157
"96",2.28438701290094e-15,0.00563984972536461,NA,0.00166864712117273,NA,0.75309312240197,NA,0.602765212521417,0.0213544469472345,0.000583657813353437,0.00599056065504257,0.000171922962039357,0.864030872220561,NA,1.27407593536167e-11,0.0115981458510241,0.00102934686508376,0.00169568324390604,NA,0.72862630855626,NA,8.42986225206156e-11,0.00569227186451417,NA,0.00339912532727359,0.000313046883467866,0.763972219496645,NA,2.63410382639996e-06,0.00643224705273639,NA,0.00184579611032195,NA,0.530802552115334,0.98960487351638,1.63794731754895e-06,0.00844239619266512,0.00508217937823305,0.00166990948891416,NA,0.546379062389021,0.987491961412363,2.33743281917176e-06,0.00565572172206532,NA,0.00251902731127866,0.00138221604697916,0.559932166147533,0.986770082079704,0.397228177897578,0.0171816336105898,0.000640601814695216,0.00482147617812308,0.000185349816375896,0.79421312910227,0.896995726371978
"97",2.52645725520449e-15,0.00563986347828846,NA,0.00166865118465325,NA,0.753093756406283,NA,0.596208224911438,0.0211523532007839,0.000582961512765073,0.00594280657893722,0.000171922962039357,0.863076560125723,NA,1.47694011936487e-11,0.0115073093169684,0.00102456596845846,0.00169394407303513,NA,0.728482701166037,NA,9.68385964681979e-11,0.0056876123365597,NA,0.00338239139132066,0.00031196528023112,0.764271131414944,NA,2.62117419227622e-06,0.00641974690897402,NA,0.00184669625478989,NA,0.528651871995825,0.989589525609677,1.62243266697716e-06,0.0084352100823283,0.00507023049876686,0.00166936555621904,NA,0.547306335621298,0.987468270413309,2.29870722324156e-06,0.00569831523769286,NA,0.0025101237714885,0.00140032152848523,0.553793383850675,0.986931523713726,0.403785232662869,0.0169515239073039,0.000639776458813198,0.00476379317136608,0.000185119108336542,0.791007766101093,0.896806402008587
"98",2.30098731420034e-15,0.00563987464859117,NA,0.00166863405880518,NA,0.75309277128575,NA,0.54100875559868,0.0208622886891922,0.000581081319075144,0.00552360269592836,0.000171922962039357,0.856737403542506,NA,1.16950673304035e-11,0.0111128798889977,0.000995001117335369,0.00170779956671466,NA,0.719356316972222,NA,1.98805696972978e-10,0.00564130604369966,NA,0.00309525184550331,0.00030238761008918,0.76068481308275,NA,1.21525606703022e-06,0.00663248889346064,NA,0.00187557894823451,NA,0.532652580189349,0.989806185038834,8.39913428269118e-07,0.00872044759262011,0.00522359660599692,0.00168352986689944,NA,0.534549826584446,0.987773260953543,1.50685747913963e-06,0.00563605832292051,NA,0.00259968416303626,0.00131753187956843,0.559857741067899,0.986135671399858,0.458987682163843,0.0161164866259962,0.000637859325864021,0.00427021798825119,0.000184193931071579,0.765695259784077,0.896237440932628
"99",8.3019578672474e-15,0.00563987252265845,NA,0.00166865386615132,NA,0.753094044275286,NA,0.66764169427191,0.0247713515491023,0.000589554985954829,0.00722579203463198,0.000171922962039357,0.873236328056234,NA,1.79685532223809e-11,0.0135101540256719,0.00110699908056965,0.00170857599547482,NA,0.742472770886371,NA,9.25889098766661e-11,0.00582158931840064,NA,0.00417281942609061,0.000345807000591509,0.785945997939371,NA,1.4278759763209e-05,0.00624956393584166,NA,0.0018209492697814,NA,0.486651067105785,0.989387700147305,7.47009744691205e-06,0.00814275619257224,0.00515964583490785,0.0016722715902732,NA,0.517106213821371,0.987653219322624,9.13127025437985e-06,0.00563770297307565,NA,0.00243537198815569,0.00145251589723432,0.518595885236974,0.98729912003685,0.33232742549006,0.0211767539149721,0.000646855554017128,0.00617689617460012,0.000187672153976869,0.82907640743232,0.898122551620301
"100",5.67598877285409e-15,0.00563990022050945,NA,0.00166866206103506,NA,0.753097711887814,NA,0.627424517678896,0.024725466681142,0.000589803423846201,0.00659215120322901,0.000171922962039357,0.86981593131241,NA,6.10695909868402e-12,0.0123911964151737,0.00112434841601446,0.00174856599022757,NA,0.726215029031864,NA,1.17385733642306e-10,0.00580677782815038,NA,0.00342907970886036,0.000345717993935039,0.770987439996227,NA,4.70266827997001e-06,0.00670097897742946,NA,0.00189483669732869,NA,0.538108219970081,0.98994886697289,3.50674425915945e-06,0.00896255970764483,0.00515253105476996,0.0016670968025264,NA,0.542660339075282,0.987638403881653,6.18770667191356e-06,0.00565926785755265,NA,0.00268043730471842,0.00135414968917527,0.557412149062175,0.986553409719396,0.372561085078395,0.0198684117262777,0.0006708882408128,0.00529057168440374,0.000194278170607466,0.807780611419335,0.90191638201602
